INFORMACION BIMESTRAL 2021 - IV Bim.      Ambito JUNTOS;;;;;;;;
Reporte al 03/10/2021 12:35:31;;;;;;;;
#;UBIGEO;DEPARTAMENTO;PROVINCIA;DISTRITO;HOGARES AFILIADOS;HOGARES ABONADOS;MIEMBROS OBJETIVOS;TRANSFERENCIA
1;10202;AMAZONAS;BAGUA;ARAMANGO;1072;1063;2194;211100
2;10203;AMAZONAS;BAGUA;COPALLIN;542;540;877;107000
3;10204;AMAZONAS;BAGUA;EL PARCO;150;149;250;29700
4;10205;AMAZONAS;BAGUA;IMAZA;3962;3766;10388;741800
5;10206;AMAZONAS;BAGUA;LA PECA;754;745;1248;148400
6;10302;AMAZONAS;BONGARA;CHISQUILLA;37;37;77;7300
7;10303;AMAZONAS;BONGARA;CHURUJA;9;9;16;1800
8;10304;AMAZONAS;BONGARA;COROSHA;118;117;230;23300
9;10305;AMAZONAS;BONGARA;CUISPES;53;53;100;10500
10;10306;AMAZONAS;BONGARA;FLORIDA;228;230;413;45500
11;10307;AMAZONAS;BONGARA;JAZAN;333;334;588;66700
12;10301;AMAZONAS;BONGARA;JUMBILLA;64;64;122;12700
13;10308;AMAZONAS;BONGARA;RECTA;22;22;35;4300
14;10310;AMAZONAS;BONGARA;SHIPASBAMBA;140;139;265;27800
15;10311;AMAZONAS;BONGARA;VALERA;45;45;68;9000
16;10312;AMAZONAS;BONGARA;YAMBRASBAMBA;590;584;1161;116100
17;10102;AMAZONAS;CHACHAPOYAS;ASUNCION;22;21;41;4000
18;10103;AMAZONAS;CHACHAPOYAS;BALSAS;103;102;231;20000
19;10104;AMAZONAS;CHACHAPOYAS;CHETO;44;43;70;8400
20;10105;AMAZONAS;CHACHAPOYAS;CHILIQUIN;71;70;116;14000
21;10106;AMAZONAS;CHACHAPOYAS;CHUQUIBAMBA;197;195;425;38700
22;10107;AMAZONAS;CHACHAPOYAS;GRANADA;20;20;38;4000
23;10108;AMAZONAS;CHACHAPOYAS;HUANCAS;22;22;36;4400
24;10109;AMAZONAS;CHACHAPOYAS;LA JALCA;631;623;1392;123600
25;10110;AMAZONAS;CHACHAPOYAS;LEIMEBAMBA;300;288;580;57000
26;10111;AMAZONAS;CHACHAPOYAS;LEVANTO;52;52;94;10400
27;10112;AMAZONAS;CHACHAPOYAS;MAGDALENA;70;67;138;13400
28;10113;AMAZONAS;CHACHAPOYAS;MARISCAL CASTILLA;69;66;125;13000
29;10114;AMAZONAS;CHACHAPOYAS;MOLINOPAMPA;191;189;359;37600
30;10115;AMAZONAS;CHACHAPOYAS;MONTEVIDEO;36;35;75;7000
31;10116;AMAZONAS;CHACHAPOYAS;OLLEROS;29;29;39;5800
32;10117;AMAZONAS;CHACHAPOYAS;QUINJALCA;97;96;165;19000
33;10118;AMAZONAS;CHACHAPOYAS;SAN FRANCISCO DE DAGUAS;5;5;11;1000
34;10119;AMAZONAS;CHACHAPOYAS;SAN ISIDRO DE MAINO;42;42;81;8400
35;10120;AMAZONAS;CHACHAPOYAS;SOLOCO;114;113;202;22500
36;10121;AMAZONAS;CHACHAPOYAS;SONCHE;18;19;38;3800
37;10402;AMAZONAS;CONDORCANQUI;EL CENEPA;1772;1704;5131;335600
38;10401;AMAZONAS;CONDORCANQUI;NIEVA;3352;3250;9106;638200
39;10403;AMAZONAS;CONDORCANQUI;RIO SANTIAGO;2322;2280;7324;453400
40;10502;AMAZONAS;LUYA;CAMPORREDONDO;671;653;1404;128700
41;10503;AMAZONAS;LUYA;COCABAMBA;246;244;535;48800
42;10504;AMAZONAS;LUYA;COLCAMAR;181;181;357;36200
43;10505;AMAZONAS;LUYA;CONILA;170;166;325;33000
44;10506;AMAZONAS;LUYA;INGUILPATA;36;36;59;7200
45;10501;AMAZONAS;LUYA;LAMUD;101;101;189;20000
46;10507;AMAZONAS;LUYA;LONGUITA;110;109;234;21600
47;10508;AMAZONAS;LUYA;LONYA CHICO;73;72;153;14300
48;10509;AMAZONAS;LUYA;LUYA;182;180;375;35400
49;10510;AMAZONAS;LUYA;LUYA VIEJO;39;39;90;7800
50;10511;AMAZONAS;LUYA;MARIA;70;70;134;14000
51;10512;AMAZONAS;LUYA;OCALLI;186;184;392;36800
52;10513;AMAZONAS;LUYA;OCUMAL;384;382;861;76300
53;10514;AMAZONAS;LUYA;PISUQUIA;690;691;1496;137300
54;10515;AMAZONAS;LUYA;PROVIDENCIA;145;143;361;28500
55;10516;AMAZONAS;LUYA;SAN CRISTOBAL;53;53;114;10400
56;10517;AMAZONAS;LUYA;SAN FRANCISCO DEL YESO;51;50;93;9700
57;10518;AMAZONAS;LUYA;SAN JERONIMO;52;50;88;10000
58;10519;AMAZONAS;LUYA;SAN JUAN DE LOPECANCHA;45;46;102;8900
59;10520;AMAZONAS;LUYA;SANTA CATALINA;242;243;499;48300
60;10521;AMAZONAS;LUYA;SANTO TOMAS;306;306;704;60700
61;10522;AMAZONAS;LUYA;TINGO;96;96;202;19200
62;10523;AMAZONAS;LUYA;TRITA;147;145;287;28900
63;10602;AMAZONAS;RODRIGUEZ DE MENDOZA;CHIRIMOTO;249;240;513;47500
64;10603;AMAZONAS;RODRIGUEZ DE MENDOZA;COCHAMAL;49;49;85;9800
65;10605;AMAZONAS;RODRIGUEZ DE MENDOZA;LIMABAMBA;150;146;253;28800
66;10606;AMAZONAS;RODRIGUEZ DE MENDOZA;LONGAR;55;55;100;11000
67;10607;AMAZONAS;RODRIGUEZ DE MENDOZA;MARISCAL BENAVIDES;52;52;91;10000
68;10609;AMAZONAS;RODRIGUEZ DE MENDOZA;OMIA;960;947;1941;187100
69;10610;AMAZONAS;RODRIGUEZ DE MENDOZA;SANTA ROSA;46;43;84;7900
70;10612;AMAZONAS;RODRIGUEZ DE MENDOZA;VISTA ALEGRE;353;354;804;70700
71;10701;AMAZONAS;UTCUBAMBA;BAGUA GRANDE;2685;2631;5369;523100
72;10702;AMAZONAS;UTCUBAMBA;CAJARURO;3239;3210;5879;639900
73;10703;AMAZONAS;UTCUBAMBA;CUMBA;1054;1050;2075;209400
74;10704;AMAZONAS;UTCUBAMBA;EL MILAGRO;248;243;518;48200
75;10705;AMAZONAS;UTCUBAMBA;JAMALCA;837;835;1732;166500
76;10706;AMAZONAS;UTCUBAMBA;LONYA GRANDE;1052;1037;1987;206800
77;10707;AMAZONAS;UTCUBAMBA;YAMON;234;230;476;45700
78;20202;ANCASH;AIJA;CORIS;172;172;379;33900
79;20203;ANCASH;AIJA;HUACLLAN;23;23;66;4600
80;20204;ANCASH;AIJA;LA MERCED;119;119;263;23800
81;20205;ANCASH;AIJA;SUCCHA;44;44;103;8800
82;20302;ANCASH;ANTONIO RAYMONDI;ACZO;199;199;458;39700
83;20303;ANCASH;ANTONIO RAYMONDI;CHACCHO;154;154;343;30600
84;20304;ANCASH;ANTONIO RAYMONDI;CHINGAS;199;196;437;38900
85;20301;ANCASH;ANTONIO RAYMONDI;LLAMELLIN;243;235;587;46600
86;20305;ANCASH;ANTONIO RAYMONDI;MIRGAS;551;549;1418;109800
87;20306;ANCASH;ANTONIO RAYMONDI;SAN JUAN DE RONTOY;152;153;370;30600
88;20402;ANCASH;ASUNCION;ACOCHACA;282;283;556;56600
89;20401;ANCASH;ASUNCION;CHACAS;7;3;13;1200
90;20503;ANCASH;BOLOGNESI;ANTONIO RAYMONDI;80;79;167;15700
91;20504;ANCASH;BOLOGNESI;AQUIA;1;1;2;400
92;20506;ANCASH;BOLOGNESI;CANIS;6;6;13;1200
93;20507;ANCASH;BOLOGNESI;COLQUIOC;1;1;2;400
94;20508;ANCASH;BOLOGNESI;HUALLANCA;2;1;4;400
95;20510;ANCASH;BOLOGNESI;HUAYLLACAYAN;83;84;186;16800
96;20511;ANCASH;BOLOGNESI;LA PRIMAVERA;22;22;56;4400
97;20512;ANCASH;BOLOGNESI;MANGAS;22;22;54;4400
98;20513;ANCASH;BOLOGNESI;PACLLON;68;68;128;13500
99;20514;ANCASH;BOLOGNESI;SAN MIGUEL DE CORPANQUI;11;11;18;2200
100;20515;ANCASH;BOLOGNESI;TICLLOS;46;46;95;9200
101;20602;ANCASH;CARHUAZ;ACOPAMPA;1;1;5;400
102;20603;ANCASH;CARHUAZ;AMASHCA;50;50;88;10000
103;20604;ANCASH;CARHUAZ;ANTA;193;191;417;38000
104;20605;ANCASH;CARHUAZ;ATAQUERO;87;87;168;17400
105;20601;ANCASH;CARHUAZ;CARHUAZ;9;4;31;1600
106;20606;ANCASH;CARHUAZ;MARCARA;709;705;1309;140100
107;20607;ANCASH;CARHUAZ;PARIAHUANCA;122;119;228;23700
108;20608;ANCASH;CARHUAZ;SAN MIGUEL DE ACO;249;249;478;49600
109;20609;ANCASH;CARHUAZ;SHILLA;208;205;334;40800
110;20610;ANCASH;CARHUAZ;TINCO;63;63;124;12600
111;20611;ANCASH;CARHUAZ;YUNGAR;295;290;555;57700
112;20701;ANCASH;CARLOS FERMIN FITZCARRALD;SAN LUIS;1103;1100;2283;219600
113;20702;ANCASH;CARLOS FERMIN FITZCARRALD;SAN NICOLAS;414;417;942;82800
114;20703;ANCASH;CARLOS FERMIN FITZCARRALD;YAUYA;528;528;1146;105400
115;20802;ANCASH;CASMA;BUENA VISTA ALTA;250;240;457;47600
116;20801;ANCASH;CASMA;CASMA;8;2;30;1100
117;20804;ANCASH;CASMA;YAUTAN;630;616;1286;122500
118;20902;ANCASH;CORONGO;ACO;27;27;64;5300
119;20903;ANCASH;CORONGO;BAMBAS;40;40;99;8000
120;20901;ANCASH;CORONGO;CORONGO;108;108;240;21500
121;20904;ANCASH;CORONGO;CUSCA;1;1;5;400
122;20905;ANCASH;CORONGO;LA PAMPA;43;43;88;8600
123;20906;ANCASH;CORONGO;YANAC;53;52;105;10400
124;20102;ANCASH;HUARAZ;COCHABAMBA;204;195;469;38200
125;20104;ANCASH;HUARAZ;HUANCHAY;169;167;334;32900
126;20101;ANCASH;HUARAZ;HUARAZ;6;2;15;800
127;20105;ANCASH;HUARAZ;INDEPENDENCIA;10;8;23;3100
128;20106;ANCASH;HUARAZ;JANGAS;5;4;15;1600
129;20107;ANCASH;HUARAZ;LA LIBERTAD;121;121;291;24100
130;20108;ANCASH;HUARAZ;OLLEROS;4;1;10;400
131;20109;ANCASH;HUARAZ;PAMPAS;1;1;2;400
132;20110;ANCASH;HUARAZ;PARIACOTO;470;468;895;93000
133;20111;ANCASH;HUARAZ;PIRA;313;311;638;62000
134;20112;ANCASH;HUARAZ;TARICA;5;4;11;1600
135;21002;ANCASH;HUARI;ANRA;156;156;315;31200
136;21003;ANCASH;HUARI;CAJAY;376;376;796;74700
137;21004;ANCASH;HUARI;CHAVIN DE HUANTAR;970;956;1988;191100
138;21005;ANCASH;HUARI;HUACACHI;172;172;383;34400
139;21006;ANCASH;HUARI;HUACCHIS;141;138;312;27500
140;21007;ANCASH;HUARI;HUACHIS;353;350;808;69700
141;21008;ANCASH;HUARI;HUANTAR;207;206;412;41300
142;21001;ANCASH;HUARI;HUARI;5;3;11;1200
143;21009;ANCASH;HUARI;MASIN;126;124;245;24700
144;21010;ANCASH;HUARI;PAUCAS;138;138;308;27600
145;21011;ANCASH;HUARI;PONTO;212;207;511;41300
146;21012;ANCASH;HUARI;RAHUAPAMPA;23;23;54;4600
147;21013;ANCASH;HUARI;RAPAYAN;142;142;337;28300
148;21014;ANCASH;HUARI;SAN MARCOS;863;857;1915;171400
149;21015;ANCASH;HUARI;SAN PEDRO DE CHANA;192;192;508;38500
150;21016;ANCASH;HUARI;UCO;1;1;3;400
151;21102;ANCASH;HUARMEY;COCHAPETI;81;81;175;16200
152;21103;ANCASH;HUARMEY;CULEBRAS;58;57;110;11600
153;21101;ANCASH;HUARMEY;HUARMEY;8;3;24;1100
154;21104;ANCASH;HUARMEY;HUAYAN;55;54;114;10600
155;21105;ANCASH;HUARMEY;MALVAS;30;30;62;6000
156;21201;ANCASH;HUAYLAS;CARAZ;636;622;1379;124700
157;21202;ANCASH;HUAYLAS;HUALLANCA;28;28;64;5500
158;21203;ANCASH;HUAYLAS;HUATA;162;162;334;32400
159;21204;ANCASH;HUAYLAS;HUAYLAS;115;117;268;23400
160;21205;ANCASH;HUAYLAS;MATO;128;131;239;26000
161;21206;ANCASH;HUAYLAS;PAMPAROMAS;1072;1067;2570;212700
162;21207;ANCASH;HUAYLAS;PUEBLO LIBRE;790;788;1579;157400
163;21208;ANCASH;HUAYLAS;SANTA CRUZ;411;408;820;81500
164;21209;ANCASH;HUAYLAS;SANTO TORIBIO;95;96;217;19200
165;21210;ANCASH;HUAYLAS;YURACMARCA;289;289;563;57700
166;21302;ANCASH;MARISCAL LUZURIAGA;CASCA;466;465;1050;92700
167;21303;ANCASH;MARISCAL LUZURIAGA;ELEAZAR GUZMAN BARRON;161;161;395;32200
168;21304;ANCASH;MARISCAL LUZURIAGA;FIDEL OLIVAS ESCUDERO;263;260;631;51600
169;21305;ANCASH;MARISCAL LUZURIAGA;LLAMA;106;105;208;20900
170;21306;ANCASH;MARISCAL LUZURIAGA;LLUMPA;820;813;1859;162300
171;21307;ANCASH;MARISCAL LUZURIAGA;LUCMA;342;341;668;68100
172;21308;ANCASH;MARISCAL LUZURIAGA;MUSGA;1;1;2;400
173;21301;ANCASH;MARISCAL LUZURIAGA;PISCOBAMBA;7;4;20;1600
174;21402;ANCASH;OCROS;ACAS;8;8;15;1600
175;21405;ANCASH;OCROS;COCHAS;133;134;243;26800
176;21407;ANCASH;OCROS;LLIPA;4;4;6;800
177;21401;ANCASH;OCROS;OCROS;53;53;121;10800
178;21408;ANCASH;OCROS;SAN CRISTOBAL DE RAJAN;13;13;35;2500
179;21410;ANCASH;OCROS;SANTIAGO DE CHILCAS;30;31;69;6200
180;21502;ANCASH;PALLASCA;BOLOGNESI;2;1;3;400
181;21501;ANCASH;PALLASCA;CABANA;113;112;268;22000
182;21503;ANCASH;PALLASCA;CONCHUCOS;976;959;2413;191100
183;21504;ANCASH;PALLASCA;HUACASCHUQUE;42;42;93;8300
184;21506;ANCASH;PALLASCA;LACABAMBA;42;41;106;8200
185;21507;ANCASH;PALLASCA;LLAPO;46;46;99;9100
186;21508;ANCASH;PALLASCA;PALLASCA;214;212;488;42300
187;21509;ANCASH;PALLASCA;PAMPAS;384;381;916;75900
188;21510;ANCASH;PALLASCA;SANTA ROSA;40;40;94;7900
189;21511;ANCASH;PALLASCA;TAUCA;188;183;421;36600
190;21602;ANCASH;POMABAMBA;HUAYLLAN;389;385;790;76900
191;21603;ANCASH;POMABAMBA;PAROBAMBA;772;769;1734;153300
192;21601;ANCASH;POMABAMBA;POMABAMBA;1460;1450;3215;289200
193;21604;ANCASH;POMABAMBA;QUINUABAMBA;335;334;746;66800
194;21702;ANCASH;RECUAY;CATAC;108;108;235;21800
195;21704;ANCASH;RECUAY;HUAYLLAPAMPA;50;50;87;10000
196;21705;ANCASH;RECUAY;LLACLLIN;65;63;142;12600
197;21707;ANCASH;RECUAY;PAMPAS CHICO;43;43;93;8800
198;21708;ANCASH;RECUAY;PARARIN;67;67;144;13400
199;21701;ANCASH;RECUAY;RECUAY;175;173;388;34600
200;21709;ANCASH;RECUAY;TAPACOCHA;31;30;71;5900
201;21710;ANCASH;RECUAY;TICAPAMPA;65;63;131;12500
202;21802;ANCASH;SANTA;CACERES DEL PERU;219;218;532;43500
203;21801;ANCASH;SANTA;CHIMBOTE;17;6;46;2400
204;21803;ANCASH;SANTA;COISHCO;3;2;8;400
205;21804;ANCASH;SANTA;MACATE;279;272;597;54200
206;21806;ANCASH;SANTA;NEPEс;161;153;356;30100
207;21809;ANCASH;SANTA;NUEVO CHIMBOTE;9;4;17;1300
208;21807;ANCASH;SANTA;SAMANCO;91;89;195;17500
209;21808;ANCASH;SANTA;SANTA;345;332;690;65600
210;21902;ANCASH;SIHUAS;ACOBAMBA;135;135;323;27400
211;21903;ANCASH;SIHUAS;ALFONSO UGARTE;38;38;81;7500
212;21904;ANCASH;SIHUAS;CASHAPAMPA;175;172;364;34200
213;21905;ANCASH;SIHUAS;CHINGALPO;81;79;188;15800
214;21906;ANCASH;SIHUAS;HUAYLLABAMBA;445;440;984;87700
215;21907;ANCASH;SIHUAS;QUICHES;244;243;529;48400
216;21908;ANCASH;SIHUAS;RAGASH;205;203;473;40500
217;21909;ANCASH;SIHUAS;SAN JUAN;1099;1093;2312;218700
218;21910;ANCASH;SIHUAS;SICSIBAMBA;165;164;362;32900
219;22002;ANCASH;YUNGAY;CASCAPARA;176;174;379;34500
220;22003;ANCASH;YUNGAY;MANCOS;9;1;15;400
221;22004;ANCASH;YUNGAY;MATACOTO;74;71;132;14200
222;22005;ANCASH;YUNGAY;QUILLO;1535;1531;3287;305100
223;22006;ANCASH;YUNGAY;RANRAHIRCA;199;199;404;39800
224;22007;ANCASH;YUNGAY;SHUPLUY;202;203;529;40600
225;22008;ANCASH;YUNGAY;YANAMA;648;645;1337;129000
226;22001;ANCASH;YUNGAY;YUNGAY;4;3;12;1200
227;30101;APURIMAC;ABANCAY;ABANCAY;993;960;1874;190300
228;30102;APURIMAC;ABANCAY;CHACOCHE;102;100;206;19900
229;30103;APURIMAC;ABANCAY;CIRCA;105;105;177;21000
230;30104;APURIMAC;ABANCAY;CURAHUASI;1382;1361;2466;270300
231;30105;APURIMAC;ABANCAY;HUANIPACA;374;367;657;72900
232;30106;APURIMAC;ABANCAY;LAMBRAMA;188;185;327;37000
233;30107;APURIMAC;ABANCAY;PICHIRHUA;297;291;519;58200
234;30108;APURIMAC;ABANCAY;SAN PEDRO DE CACHORA;268;260;534;51800
235;30201;APURIMAC;ANDAHUAYLAS;ANDAHUAYLAS;1389;1376;2829;273400
236;30202;APURIMAC;ANDAHUAYLAS;ANDARAPA;723;722;1437;143700
237;30203;APURIMAC;ANDAHUAYLAS;CHIARA;105;105;213;20900
238;30204;APURIMAC;ANDAHUAYLAS;HUANCARAMA;479;471;914;94100
239;30205;APURIMAC;ANDAHUAYLAS;HUANCARAY;404;403;836;80300
240;30206;APURIMAC;ANDAHUAYLAS;HUAYANA;89;89;177;17800
241;30220;APURIMAC;ANDAHUAYLAS;JOSE MARIA ARGUEDAS;571;568;1132;113600
242;30219;APURIMAC;ANDAHUAYLAS;KAQUIABAMBA;183;182;323;36400
243;30207;APURIMAC;ANDAHUAYLAS;KISHUARA;734;725;1502;144700
244;30208;APURIMAC;ANDAHUAYLAS;PACOBAMBA;361;358;679;71300
245;30209;APURIMAC;ANDAHUAYLAS;PACUCHA;869;860;1561;171300
246;30210;APURIMAC;ANDAHUAYLAS;PAMPACHIRI;289;286;673;57100
247;30211;APURIMAC;ANDAHUAYLAS;POMACOCHA;96;95;202;19000
248;30212;APURIMAC;ANDAHUAYLAS;SAN ANTONIO DE CACHI;348;340;714;67500
249;30213;APURIMAC;ANDAHUAYLAS;SAN JERONIMO;1358;1323;2760;263300
250;30214;APURIMAC;ANDAHUAYLAS;SAN MIGUEL DE CHACCRAMPA;243;242;508;48300
251;30215;APURIMAC;ANDAHUAYLAS;SANTA MARIA DE CHICMO;665;662;1386;132300
252;30216;APURIMAC;ANDAHUAYLAS;TALAVERA;1088;1068;2279;213400
253;30217;APURIMAC;ANDAHUAYLAS;TUMAY HUARACA;213;209;445;41700
254;30218;APURIMAC;ANDAHUAYLAS;TURPO;470;470;936;94000
255;30301;APURIMAC;ANTABAMBA;ANTABAMBA;312;309;703;61700
256;30302;APURIMAC;ANTABAMBA;EL ORO;26;26;47;5200
257;30303;APURIMAC;ANTABAMBA;HUAQUIRCA;160;160;308;32000
258;30304;APURIMAC;ANTABAMBA;JUAN ESPINOZA MEDRANO;175;173;352;34600
259;30305;APURIMAC;ANTABAMBA;OROPESA;273;270;611;53400
260;30306;APURIMAC;ANTABAMBA;PACHACONAS;106;106;208;21200
261;30307;APURIMAC;ANTABAMBA;SABAINO;140;137;273;27400
262;30402;APURIMAC;AYMARAES;CAPAYA;54;53;98;10600
263;30403;APURIMAC;AYMARAES;CARAYBAMBA;71;71;129;14200
264;30401;APURIMAC;AYMARAES;CHALHUANCA;150;149;315;29700
265;30404;APURIMAC;AYMARAES;CHAPIMARCA;178;175;375;35000
266;30405;APURIMAC;AYMARAES;COLCABAMBA;68;68;123;13600
267;30406;APURIMAC;AYMARAES;COTARUSE;191;189;361;37700
268;30407;APURIMAC;AYMARAES;IHUAYLLO;20;20;36;4000
269;30408;APURIMAC;AYMARAES;JUSTO APU SAHUARAURA;66;66;143;13200
270;30409;APURIMAC;AYMARAES;LUCRE;160;158;333;31500
271;30410;APURIMAC;AYMARAES;POCOHUANCA;97;96;163;19200
272;30411;APURIMAC;AYMARAES;SAN JUAN DE CHACс;68;68;145;13500
273;30412;APURIMAC;AYMARAES;SAсYCA;94;94;172;18800
274;30413;APURIMAC;AYMARAES;SORAYA;93;93;151;18600
275;30414;APURIMAC;AYMARAES;TAPAIRIHUA;205;200;405;39800
276;30415;APURIMAC;AYMARAES;TINTAY;224;224;433;44700
277;30416;APURIMAC;AYMARAES;TORAYA;113;112;201;22200
278;30417;APURIMAC;AYMARAES;YANACA;86;84;156;16800
279;30602;APURIMAC;CHINCHEROS;ANCO HUALLO;1047;1020;2029;201900
280;30601;APURIMAC;CHINCHEROS;CHINCHEROS;447;445;1026;88900
281;30603;APURIMAC;CHINCHEROS;COCHARCAS;203;200;448;40000
282;30610;APURIMAC;CHINCHEROS;EL PORVENIR;264;258;570;51300
283;30604;APURIMAC;CHINCHEROS;HUACCANA;636;624;1293;124500
284;30611;APURIMAC;CHINCHEROS;LOS CHANKAS;125;122;268;24300
285;30605;APURIMAC;CHINCHEROS;OCOBAMBA;867;850;1757;169500
286;30606;APURIMAC;CHINCHEROS;ONGOY;256;247;566;49400
287;30608;APURIMAC;CHINCHEROS;RANRACANCHA;492;485;1075;96800
288;30609;APURIMAC;CHINCHEROS;ROCCHACC;427;417;878;82800
289;30607;APURIMAC;CHINCHEROS;URANMARCA;310;303;672;60500
290;30506;APURIMAC;COTABAMBAS;CHALLHUAHUACHO;869;848;2061;168000
291;30502;APURIMAC;COTABAMBAS;COTABAMBAS;505;486;1017;96000
292;30503;APURIMAC;COTABAMBAS;COYLLURQUI;840;829;1733;165300
293;30504;APURIMAC;COTABAMBAS;HAQUIRA;1055;1005;2147;198700
294;30505;APURIMAC;COTABAMBAS;MARA;784;775;1590;154200
295;30501;APURIMAC;COTABAMBAS;TAMBOBAMBA;1298;1264;2908;249600
296;30701;APURIMAC;GRAU;CHUQUIBAMBILLA;465;461;871;92000
297;30714;APURIMAC;GRAU;CURASCO;197;195;367;38900
298;30702;APURIMAC;GRAU;CURPAHUASI;298;296;522;58900
299;30703;APURIMAC;GRAU;GAMARRA;318;316;585;63000
300;30704;APURIMAC;GRAU;HUAYLLATI;217;213;445;42600
301;30705;APURIMAC;GRAU;MAMARA;66;66;127;13200
302;30706;APURIMAC;GRAU;MICAELA BASTIDAS;96;93;193;18300
303;30707;APURIMAC;GRAU;PATAYPAMPA;78;78;178;15600
304;30708;APURIMAC;GRAU;PROGRESO;412;409;929;81400
305;30709;APURIMAC;GRAU;SAN ANTONIO;26;26;43;5200
306;30710;APURIMAC;GRAU;SANTA ROSA;46;46;86;9200
307;30711;APURIMAC;GRAU;TURPAY;55;55;107;11000
308;30712;APURIMAC;GRAU;VILCABAMBA;39;39;70;7800
309;30713;APURIMAC;GRAU;VIRUNDO;71;69;132;13800
310;40119;AREQUIPA;AREQUIPA;SAN JUAN DE TARUCANI;75;70;131;13100
311;40306;AREQUIPA;CARAVELI;CAHUACHO;57;55;113;10700
312;40402;AREQUIPA;CASTILLA;ANDAGUA;81;80;156;15900
313;40404;AREQUIPA;CASTILLA;CHACHAS;124;118;284;22700
314;40406;AREQUIPA;CASTILLA;CHOCO;41;41;90;8000
315;40412;AREQUIPA;CASTILLA;UяN;8;7;13;1400
316;40504;AREQUIPA;CAYLLOMA;CALLALLI;78;72;151;14300
317;40505;AREQUIPA;CAYLLOMA;CAYLLOMA;186;186;432;37100
318;40507;AREQUIPA;CAYLLOMA;HUAMBO;47;47;104;9400
319;40511;AREQUIPA;CAYLLOMA;LLUTA;48;45;89;9000
320;40520;AREQUIPA;CAYLLOMA;MAJES;50;0;132;0
321;40514;AREQUIPA;CAYLLOMA;SAN ANTONIO DE CHUCA;50;48;92;9400
322;40515;AREQUIPA;CAYLLOMA;SIBAYO;49;49;108;9800
323;40516;AREQUIPA;CAYLLOMA;TAPAY;40;40;92;8000
324;40517;AREQUIPA;CAYLLOMA;TISCO;117;114;243;22800
325;40603;AREQUIPA;CONDESUYOS;CAYARANI;202;192;502;37000
326;40604;AREQUIPA;CONDESUYOS;CHICHAS;31;29;67;5600
327;40802;AREQUIPA;LA UNION;ALCA;156;149;369;29400
328;40803;AREQUIPA;LA UNION;CHARCANA;69;69;158;13600
329;40804;AREQUIPA;LA UNION;HUAYNACOTAS;151;148;372;29500
330;40805;AREQUIPA;LA UNION;PAMPAMARCA;132;127;343;24900
331;40806;AREQUIPA;LA UNION;PUYCA;266;261;660;51200
332;40807;AREQUIPA;LA UNION;QUECHUALLA;15;14;22;2700
333;40808;AREQUIPA;LA UNION;SAYLA;25;25;55;5000
334;40809;AREQUIPA;LA UNION;TAURIA;29;29;76;5700
335;40811;AREQUIPA;LA UNION;TORO;33;33;61;6500
336;50201;AYACUCHO;CANGALLO;CANGALLO;430;428;849;85500
337;50202;AYACUCHO;CANGALLO;CHUSCHI;775;766;1607;152700
338;50203;AYACUCHO;CANGALLO;LOS MOROCHUCOS;813;801;1625;158700
339;50204;AYACUCHO;CANGALLO;MARIA PARADO DE BELLIDO;230;229;462;45700
340;50205;AYACUCHO;CANGALLO;PARAS;454;450;1134;89900
341;50206;AYACUCHO;CANGALLO;TOTOS;305;305;604;60900
342;50102;AYACUCHO;HUAMANGA;ACOCRO;712;685;1577;135100
343;50103;AYACUCHO;HUAMANGA;ACOS VINCHOS;483;479;921;94200
344;50105;AYACUCHO;HUAMANGA;CHIARA;607;587;1216;116200
345;50115;AYACUCHO;HUAMANGA;JESUS NAZARENO;128;121;250;23700
346;50106;AYACUCHO;HUAMANGA;OCROS;617;607;1267;119700
347;50107;AYACUCHO;HUAMANGA;PACAYCASA;239;236;441;47100
348;50108;AYACUCHO;HUAMANGA;QUINUA;418;412;711;81900
349;50109;AYACUCHO;HUAMANGA;SAN JOSE DE TICLLAS;203;200;395;39700
350;50110;AYACUCHO;HUAMANGA;SAN JUAN BAUTISTA;311;295;636;58000
351;50111;AYACUCHO;HUAMANGA;SANTIAGO DE PISCHA;79;79;154;15800
352;50112;AYACUCHO;HUAMANGA;SOCOS;531;514;1014;101000
353;50113;AYACUCHO;HUAMANGA;TAMBILLO;384;374;758;73900
354;50114;AYACUCHO;HUAMANGA;VINCHOS;1501;1441;3294;282600
355;50302;AYACUCHO;HUANCA SANCOS;CARAPO;172;169;339;33800
356;50303;AYACUCHO;HUANCA SANCOS;SACSAMARCA;117;116;217;23200
357;50301;AYACUCHO;HUANCA SANCOS;SANCOS;134;132;248;26400
358;50304;AYACUCHO;HUANCA SANCOS;SANTIAGO DE LUCANAMARCA;231;227;489;44900
359;50402;AYACUCHO;HUANTA;AYAHUANCO;153;153;307;30500
360;50409;AYACUCHO;HUANTA;CANAYRE;218;203;439;39600
361;50412;AYACUCHO;HUANTA;CHACA;284;280;663;55400
362;50403;AYACUCHO;HUANTA;HUAMANGUILLA;316;306;628;60600
363;50401;AYACUCHO;HUANTA;HUANTA;1348;1303;2743;256900
364;50404;AYACUCHO;HUANTA;IGUAIN;317;313;595;61700
365;50408;AYACUCHO;HUANTA;LLOCHEGUA;535;514;1068;100900
366;50405;AYACUCHO;HUANTA;LURICOCHA;450;440;902;87300
367;50411;AYACUCHO;HUANTA;PUCACOLPA;343;329;886;65200
368;50406;AYACUCHO;HUANTA;SANTILLANA;446;434;986;85600
369;50407;AYACUCHO;HUANTA;SIVIA;662;648;1379;128600
370;50410;AYACUCHO;HUANTA;UCHURACCAY;418;404;1032;79400
371;50510;AYACUCHO;LA MAR;ANCHIHUAY;463;459;1032;91300
372;50502;AYACUCHO;LA MAR;ANCO;694;679;1483;134500
373;50503;AYACUCHO;LA MAR;AYNA;536;530;974;105600
374;50504;AYACUCHO;LA MAR;CHILCAS;165;163;355;32300
375;50505;AYACUCHO;LA MAR;CHUNGUI;518;516;1284;103000
376;50506;AYACUCHO;LA MAR;LUIS CARRANZA;159;158;332;31500
377;50511;AYACUCHO;LA MAR;ORONCCOY;128;126;301;25200
378;50509;AYACUCHO;LA MAR;SAMUGARI;709;686;1370;135300
379;50501;AYACUCHO;LA MAR;SAN MIGUEL;932;920;1903;182600
380;50507;AYACUCHO;LA MAR;SANTA ROSA;541;526;1062;104100
381;50508;AYACUCHO;LA MAR;TAMBO;1051;1017;2437;198900
382;50602;AYACUCHO;LUCANAS;AUCARA;147;144;279;28600
383;50603;AYACUCHO;LUCANAS;CABANA;59;59;98;11600
384;50604;AYACUCHO;LUCANAS;CARMEN SALCEDO;75;69;139;13800
385;50605;AYACUCHO;LUCANAS;CHAVIс;147;145;297;29000
386;50606;AYACUCHO;LUCANAS;CHIPAO;183;178;409;35400
387;50607;AYACUCHO;LUCANAS;HUAC HUAS;96;94;190;18700
388;50608;AYACUCHO;LUCANAS;LARAMATE;116;114;260;22800
389;50609;AYACUCHO;LUCANAS;LEONCIO PRADO;20;20;37;4000
390;50610;AYACUCHO;LUCANAS;LLAUTA;60;60;130;12000
391;50611;AYACUCHO;LUCANAS;LUCANAS;220;212;437;41600
392;50612;AYACUCHO;LUCANAS;OCAс;154;156;367;30800
393;50613;AYACUCHO;LUCANAS;OTOCA;138;136;294;26900
394;50601;AYACUCHO;LUCANAS;PUQUIO;412;396;887;77400
395;50615;AYACUCHO;LUCANAS;SAN CRISTOBAL;164;157;416;30700
396;50616;AYACUCHO;LUCANAS;SAN JUAN;36;36;72;7100
397;50617;AYACUCHO;LUCANAS;SAN PEDRO;262;258;619;50900
398;50618;AYACUCHO;LUCANAS;SAN PEDRO DE PALCO;75;75;165;14800
399;50619;AYACUCHO;LUCANAS;SANCOS;174;167;371;32900
400;50620;AYACUCHO;LUCANAS;SANTA ANA DE HUAYCAHUACHO;26;25;47;5000
401;50621;AYACUCHO;LUCANAS;SANTA LUCIA;30;30;67;6000
402;50702;AYACUCHO;PARINACOCHAS;CHUMPI;131;131;268;25800
403;50701;AYACUCHO;PARINACOCHAS;CORACORA;632;613;1367;120500
404;50703;AYACUCHO;PARINACOCHAS;CORONEL CASTAхDA;59;58;130;11600
405;50704;AYACUCHO;PARINACOCHAS;PACAPAUSA;53;52;101;10400
406;50705;AYACUCHO;PARINACOCHAS;PULLO;212;197;458;38400
407;50706;AYACUCHO;PARINACOCHAS;PUYUSCA;105;100;226;19300
408;50707;AYACUCHO;PARINACOCHAS;SAN FRANCISCO DE RAVACAYCO;27;27;63;5400
409;50708;AYACUCHO;PARINACOCHAS;UPAHUACHO;122;121;273;24100
410;50802;AYACUCHO;PAUCAR DEL SARA SARA;COLTA;39;39;73;7800
411;50803;AYACUCHO;PAUCAR DEL SARA SARA;CORCULLA;45;45;90;9000
412;50804;AYACUCHO;PAUCAR DEL SARA SARA;LAMPA;144;142;292;28400
413;50805;AYACUCHO;PAUCAR DEL SARA SARA;MARCABAMBA;23;23;42;4600
414;50806;AYACUCHO;PAUCAR DEL SARA SARA;OYOLO;101;101;251;20200
415;50807;AYACUCHO;PAUCAR DEL SARA SARA;PARARCA;27;27;64;5400
416;50801;AYACUCHO;PAUCAR DEL SARA SARA;PAUSA;114;112;234;22200
417;50808;AYACUCHO;PAUCAR DEL SARA SARA;SAN JAVIER DE ALPABAMBA;15;15;22;3000
418;50809;AYACUCHO;PAUCAR DEL SARA SARA;SAN JOSE DE USHUA;16;15;35;3000
419;50810;AYACUCHO;PAUCAR DEL SARA SARA;SARA SARA;31;31;54;6100
420;50902;AYACUCHO;SUCRE;BELEN;15;15;30;3000
421;50903;AYACUCHO;SUCRE;CHALCOS;41;40;86;8000
422;50904;AYACUCHO;SUCRE;CHILCAYOC;45;43;95;8400
423;50905;AYACUCHO;SUCRE;HUACAс;19;19;37;3800
424;50906;AYACUCHO;SUCRE;MORCOLLA;101;99;217;19600
425;50907;AYACUCHO;SUCRE;PAICO;41;40;81;8000
426;50901;AYACUCHO;SUCRE;QUEROBAMBA;186;181;364;35600
427;50908;AYACUCHO;SUCRE;SAN PEDRO DE LARCAY;63;62;148;12400
428;50909;AYACUCHO;SUCRE;SAN SALVADOR DE QUIJE;130;129;235;25700
429;50910;AYACUCHO;SUCRE;SANTIAGO DE PAUCARAY;53;53;96;10600
430;50911;AYACUCHO;SUCRE;SORAS;82;80;153;16000
431;51002;AYACUCHO;VICTOR FAJARDO;ALCAMENCA;106;105;218;21000
432;51003;AYACUCHO;VICTOR FAJARDO;APONGO;50;50;92;10000
433;51004;AYACUCHO;VICTOR FAJARDO;ASQUIPATA;15;15;25;2900
434;51005;AYACUCHO;VICTOR FAJARDO;CANARIA;164;163;324;32500
435;51006;AYACUCHO;VICTOR FAJARDO;CAYARA;63;61;120;12100
436;51007;AYACUCHO;VICTOR FAJARDO;COLCA;83;82;163;16300
437;51008;AYACUCHO;VICTOR FAJARDO;HUAMANQUIQUIA;108;106;243;21000
438;51001;AYACUCHO;VICTOR FAJARDO;HUANCAPI;87;86;166;17000
439;51009;AYACUCHO;VICTOR FAJARDO;HUANCARAYLLA;108;109;214;21800
440;51010;AYACUCHO;VICTOR FAJARDO;HUAYA;175;174;354;34500
441;51011;AYACUCHO;VICTOR FAJARDO;SARHUA;297;296;643;58800
442;51012;AYACUCHO;VICTOR FAJARDO;VILCANCHOS;257;256;536;51200
443;51102;AYACUCHO;VILCAS HUAMAN;ACCOMARCA;95;94;179;18600
444;51103;AYACUCHO;VILCAS HUAMAN;CARHUANCA;60;59;126;11600
445;51104;AYACUCHO;VILCAS HUAMAN;CONCEPCION;220;221;435;44000
446;51105;AYACUCHO;VILCAS HUAMAN;HUAMBALPA;164;163;350;32400
447;51106;AYACUCHO;VILCAS HUAMAN;INDEPENDENCIA;97;96;181;19200
448;51107;AYACUCHO;VILCAS HUAMAN;SAURAMA;96;95;193;18800
449;51101;AYACUCHO;VILCAS HUAMAN;VILCAS HUAMAN;591;590;1146;117900
450;51108;AYACUCHO;VILCAS HUAMAN;VISCHONGO;364;360;746;71200
451;60202;CAJAMARCA;CAJABAMBA;CACHACHI;1798;1769;4584;351400
452;60201;CAJAMARCA;CAJABAMBA;CAJABAMBA;1955;1935;4061;384300
453;60203;CAJAMARCA;CAJABAMBA;CONDEBAMBA;1375;1369;2912;273100
454;60204;CAJAMARCA;CAJABAMBA;SITACOCHA;818;802;1877;159700
455;60102;CAJAMARCA;CAJAMARCA;ASUNCION;860;855;1872;170300
456;60101;CAJAMARCA;CAJAMARCA;CAJAMARCA;50;28;131;11900
457;60103;CAJAMARCA;CAJAMARCA;CHETILLA;431;433;939;86600
458;60104;CAJAMARCA;CAJAMARCA;COSPAN;699;691;1640;136800
459;60105;CAJAMARCA;CAJAMARCA;ENCAсDA;2440;2432;4462;484800
460;60106;CAJAMARCA;CAJAMARCA;JESUS;1436;1422;3253;281000
461;60107;CAJAMARCA;CAJAMARCA;LLACANORA;546;534;1072;105400
462;60108;CAJAMARCA;CAJAMARCA;LOS BAяS DEL INCA;2272;2245;4338;446700
463;60109;CAJAMARCA;CAJAMARCA;MAGDALENA;870;855;1797;169000
464;60110;CAJAMARCA;CAJAMARCA;MATARA;450;448;821;89400
465;60111;CAJAMARCA;CAJAMARCA;NAMORA;1101;1092;2521;216500
466;60112;CAJAMARCA;CAJAMARCA;SAN JUAN;502;495;1034;98200
467;60301;CAJAMARCA;CELENDIN;CELENDIN;1900;1843;3724;365800
468;60302;CAJAMARCA;CELENDIN;CHUMUCH;348;348;717;69500
469;60303;CAJAMARCA;CELENDIN;CORTEGANA;1103;1097;2406;218700
470;60304;CAJAMARCA;CELENDIN;HUASMIN;1567;1562;2780;311800
471;60305;CAJAMARCA;CELENDIN;JORGE CHAVEZ;45;44;68;8800
472;60306;CAJAMARCA;CELENDIN;JOSE GALVEZ;223;219;445;43700
473;60312;CAJAMARCA;CELENDIN;LA LIBERTAD DE PALLAN;927;923;1670;184000
474;60307;CAJAMARCA;CELENDIN;MIGUEL IGLESIAS;624;622;1114;124300
475;60308;CAJAMARCA;CELENDIN;OXAMARCA;922;913;1834;182500
476;60309;CAJAMARCA;CELENDIN;SOROCHUCO;1052;1042;1830;208100
477;60310;CAJAMARCA;CELENDIN;SUCRE;433;425;939;84400
478;60311;CAJAMARCA;CELENDIN;UTCO;134;131;270;25900
479;60402;CAJAMARCA;CHOTA;ANGUIA;426;423;799;84200
480;60403;CAJAMARCA;CHOTA;CHADIN;561;558;1061;111200
481;60419;CAJAMARCA;CHOTA;CHALAMARCA;1351;1341;2367;267800
482;60404;CAJAMARCA;CHOTA;CHIGUIRIP;508;507;847;101200
483;60405;CAJAMARCA;CHOTA;CHIMBAN;310;308;649;61600
484;60406;CAJAMARCA;CHOTA;CHOROPAMPA;284;284;553;56800
485;60401;CAJAMARCA;CHOTA;CHOTA;2969;2953;5446;590000
486;60407;CAJAMARCA;CHOTA;COCHABAMBA;710;703;1263;140500
487;60408;CAJAMARCA;CHOTA;CONCHAN;622;615;1110;122700
488;60409;CAJAMARCA;CHOTA;HUAMBOS;1050;1037;1948;207000
489;60410;CAJAMARCA;CHOTA;LAJAS;1391;1379;2433;275600
490;60411;CAJAMARCA;CHOTA;LLAMA;907;897;1651;178600
491;60412;CAJAMARCA;CHOTA;MIRACOSTA;413;409;987;81600
492;60413;CAJAMARCA;CHOTA;PACCHA;617;614;1174;122700
493;60414;CAJAMARCA;CHOTA;PION;164;163;304;32700
494;60415;CAJAMARCA;CHOTA;QUEROCOTO;1088;1060;2231;211300
495;60416;CAJAMARCA;CHOTA;SAN JUAN DE LICUPIS;104;104;214;21000
496;60417;CAJAMARCA;CHOTA;TACABAMBA;1729;1723;3303;344000
497;60418;CAJAMARCA;CHOTA;TOCMOCHE;108;105;179;21000
498;60502;CAJAMARCA;CONTUMAZA;CHILETE;201;200;351;39500
499;60501;CAJAMARCA;CONTUMAZA;CONTUMAZA;618;616;1206;123100
500;60503;CAJAMARCA;CONTUMAZA;CUPISNIQUE;149;149;266;29600
501;60504;CAJAMARCA;CONTUMAZA;GUZMANGO;296;290;597;57800
502;60505;CAJAMARCA;CONTUMAZA;SAN BENITO;359;355;654;70500
503;60506;CAJAMARCA;CONTUMAZA;SANTA CRUZ DE TOLEDO;105;103;205;20600
504;60507;CAJAMARCA;CONTUMAZA;TANTARICA;247;246;485;48900
505;60508;CAJAMARCA;CONTUMAZA;YONAN;453;447;788;88800
506;60602;CAJAMARCA;CUTERVO;CALLAYUC;1354;1346;2526;269300
507;60603;CAJAMARCA;CUTERVO;CHOROS;370;368;679;73500
508;60604;CAJAMARCA;CUTERVO;CUJILLO;376;375;677;75100
509;60601;CAJAMARCA;CUTERVO;CUTERVO;5888;5876;10033;1173500
510;60605;CAJAMARCA;CUTERVO;LA RAMADA;464;461;865;92200
511;60606;CAJAMARCA;CUTERVO;PIMPINGOS;738;732;1458;146000
512;60607;CAJAMARCA;CUTERVO;QUEROCOTILLO;1944;1937;3988;387100
513;60608;CAJAMARCA;CUTERVO;SAN ANDRES DE CUTERVO;645;640;1169;128000
514;60609;CAJAMARCA;CUTERVO;SAN JUAN DE CUTERVO;279;276;504;55200
515;60610;CAJAMARCA;CUTERVO;SAN LUIS DE LUCMA;411;409;713;82000
516;60611;CAJAMARCA;CUTERVO;SANTA CRUZ;364;365;725;73000
517;60612;CAJAMARCA;CUTERVO;SANTO DOMINGO DE LA CAPILLA;613;612;1136;122600
518;60613;CAJAMARCA;CUTERVO;SANTO TOMAS;977;976;1831;194900
519;60614;CAJAMARCA;CUTERVO;SOCOTA;1098;1098;2065;219600
520;60615;CAJAMARCA;CUTERVO;TORIBIO CASANOVA;149;146;246;29400
521;60701;CAJAMARCA;HUALGAYOC;BAMBAMARCA;7357;7309;12008;1457100
522;60702;CAJAMARCA;HUALGAYOC;CHUGUR;334;332;637;66300
523;60703;CAJAMARCA;HUALGAYOC;HUALGAYOC;1447;1440;2361;287100
524;60802;CAJAMARCA;JAEN;BELLAVISTA;1944;1910;3493;380500
525;60803;CAJAMARCA;JAEN;CHONTALI;1334;1330;2552;265300
526;60804;CAJAMARCA;JAEN;COLASAY;1267;1252;2527;249600
527;60805;CAJAMARCA;JAEN;HUABAL;1211;1205;2282;240700
528;60806;CAJAMARCA;JAEN;LAS PIRIAS;609;604;1041;120400
529;60807;CAJAMARCA;JAEN;POMAHUACA;1074;1066;2361;211500
530;60808;CAJAMARCA;JAEN;PUCARA;630;608;1228;119100
531;60809;CAJAMARCA;JAEN;SALLIQUE;955;937;2360;186100
532;60810;CAJAMARCA;JAEN;SAN FELIPE;513;491;1212;96500
533;60811;CAJAMARCA;JAEN;SAN JOSE DEL ALTO;1007;999;2023;199300
534;60812;CAJAMARCA;JAEN;SANTA ROSA;1463;1456;2561;290600
535;60902;CAJAMARCA;SAN IGNACIO;CHIRINOS;1888;1862;3669;372000
536;60903;CAJAMARCA;SAN IGNACIO;HUARANGO;2561;2532;4876;504600
537;60904;CAJAMARCA;SAN IGNACIO;LA COIPA;2206;2186;4426;435300
538;60905;CAJAMARCA;SAN IGNACIO;NAMBALLE;1220;1203;2825;239100
539;60901;CAJAMARCA;SAN IGNACIO;SAN IGNACIO;3308;3231;7237;640200
540;60906;CAJAMARCA;SAN IGNACIO;SAN JOSE DE LOURDES;1986;1968;4252;390500
541;60907;CAJAMARCA;SAN IGNACIO;TABACONAS;2745;2727;5888;544400
542;61002;CAJAMARCA;SAN MARCOS;CHANCAY;374;371;779;74100
543;61003;CAJAMARCA;SAN MARCOS;EDUARDO VILLANUEVA;206;208;424;41500
544;61004;CAJAMARCA;SAN MARCOS;GREGORIO PITA;668;670;1289;133300
545;61005;CAJAMARCA;SAN MARCOS;ICHOCAN;166;166;308;32900
546;61006;CAJAMARCA;SAN MARCOS;JOSE MANUEL QUIROZ;423;422;847;84400
547;61007;CAJAMARCA;SAN MARCOS;JOSE SABOGAL;1646;1641;3347;326600
548;61001;CAJAMARCA;SAN MARCOS;PEDRO GALVEZ;1529;1517;2715;301400
549;61102;CAJAMARCA;SAN MIGUEL;BOLIVAR;137;137;233;27400
550;61103;CAJAMARCA;SAN MIGUEL;CALQUIS;450;449;844;89200
551;61104;CAJAMARCA;SAN MIGUEL;CATILLUC;371;363;649;71900
552;61105;CAJAMARCA;SAN MIGUEL;EL PRADO;151;149;264;29700
553;61106;CAJAMARCA;SAN MIGUEL;LA FLORIDA;249;247;393;49200
554;61107;CAJAMARCA;SAN MIGUEL;LLAPA;533;530;935;105600
555;61108;CAJAMARCA;SAN MIGUEL;NANCHOC;143;142;233;28600
556;61109;CAJAMARCA;SAN MIGUEL;NIEPOS;344;337;654;67400
557;61110;CAJAMARCA;SAN MIGUEL;SAN GREGORIO;247;247;419;49800
558;61101;CAJAMARCA;SAN MIGUEL;SAN MIGUEL;1485;1478;2432;294200
559;61111;CAJAMARCA;SAN MIGUEL;SAN SILVESTRE DE COCHAN;420;418;697;83400
560;61112;CAJAMARCA;SAN MIGUEL;TONGOD;313;311;582;61800
561;61113;CAJAMARCA;SAN MIGUEL;UNION AGUA BLANCA;372;372;671;74500
562;61202;CAJAMARCA;SAN PABLO;SAN BERNARDINO;608;605;1119;121000
563;61203;CAJAMARCA;SAN PABLO;SAN LUIS;151;149;261;29800
564;61201;CAJAMARCA;SAN PABLO;SAN PABLO;1283;1279;2480;255200
565;61204;CAJAMARCA;SAN PABLO;TUMBADEN;444;444;831;88900
566;61302;CAJAMARCA;SANTA CRUZ;ANDABAMBA;163;163;308;32600
567;61303;CAJAMARCA;SANTA CRUZ;CATACHE;979;974;1968;195100
568;61304;CAJAMARCA;SANTA CRUZ;CHANCAY BAяS;382;382;697;76400
569;61305;CAJAMARCA;SANTA CRUZ;LA ESPERANZA;266;265;475;52900
570;61306;CAJAMARCA;SANTA CRUZ;NINABAMBA;221;221;390;44200
571;61307;CAJAMARCA;SANTA CRUZ;PULAN;473;472;928;94100
572;61301;CAJAMARCA;SANTA CRUZ;SANTA CRUZ;672;666;1270;133400
573;61308;CAJAMARCA;SANTA CRUZ;SAUCEPAMPA;170;170;322;34000
574;61309;CAJAMARCA;SANTA CRUZ;SEXI;18;18;37;3600
575;61310;CAJAMARCA;SANTA CRUZ;UTICYACU;141;140;287;28000
576;61311;CAJAMARCA;SANTA CRUZ;YAUYUCAN;326;325;602;65200
577;80201;CUSCO;ACOMAYO;ACOMAYO;431;424;1011;83900
578;80202;CUSCO;ACOMAYO;ACOPIA;238;235;470;46900
579;80203;CUSCO;ACOMAYO;ACOS;229;225;543;44600
580;80204;CUSCO;ACOMAYO;MOSOC LLACTA;52;52;96;10200
581;80205;CUSCO;ACOMAYO;POMACANCHI;810;788;1814;156900
582;80206;CUSCO;ACOMAYO;RONDOCAN;225;222;478;44300
583;80207;CUSCO;ACOMAYO;SANGARARA;329;327;755;65300
584;80302;CUSCO;ANTA;ANCAHUASI;336;315;664;62600
585;80301;CUSCO;ANTA;ANTA;567;544;1111;107800
586;80303;CUSCO;ANTA;CACHIMAYO;3;2;8;800
587;80304;CUSCO;ANTA;CHINCHAYPUJIO;331;314;768;61200
588;80305;CUSCO;ANTA;HUAROCONDO;363;353;710;69500
589;80306;CUSCO;ANTA;LIMATAMBO;349;346;716;69000
590;80307;CUSCO;ANTA;MOLLEPATA;107;106;218;21300
591;80308;CUSCO;ANTA;PUCYURA;128;124;263;24600
592;80309;CUSCO;ANTA;ZURITE;94;89;166;17600
593;80401;CUSCO;CALCA;CALCA;426;425;897;84900
594;80402;CUSCO;CALCA;COYA;184;179;375;36000
595;80403;CUSCO;CALCA;LAMAY;368;364;891;72300
596;80404;CUSCO;CALCA;LARES;906;860;1775;167300
597;80405;CUSCO;CALCA;PISAC;495;472;1119;93600
598;80406;CUSCO;CALCA;SAN SALVADOR;384;382;868;76200
599;80407;CUSCO;CALCA;TARAY;3;3;6;1100
600;80408;CUSCO;CALCA;YANATILE;183;179;347;36500
601;80502;CUSCO;CANAS;CHECCA;558;551;1128;110000
602;80503;CUSCO;CANAS;KUNTURKANKI;507;509;988;100300
603;80504;CUSCO;CANAS;LANGUI;124;122;241;24100
604;80505;CUSCO;CANAS;LAYO;268;263;615;52200
605;80506;CUSCO;CANAS;PAMPAMARCA;86;83;163;17200
606;80507;CUSCO;CANAS;QUEHUE;301;299;630;59700
607;80508;CUSCO;CANAS;TUPAC AMARU;252;246;465;49300
608;80501;CUSCO;CANAS;YANAOCA;822;796;1659;157100
609;80602;CUSCO;CANCHIS;CHECACUPE;330;323;630;64600
610;80603;CUSCO;CANCHIS;COMBAPATA;204;203;383;41100
611;80604;CUSCO;CANCHIS;MARANGANI;411;398;772;79600
612;80605;CUSCO;CANCHIS;PITUMARCA;707;682;1369;135100
613;80606;CUSCO;CANCHIS;SAN PABLO;224;221;445;44300
614;80607;CUSCO;CANCHIS;SAN PEDRO;71;69;113;13800
615;80601;CUSCO;CANCHIS;SICUANI;1292;1259;2602;249500
616;80608;CUSCO;CANCHIS;TINTA;178;179;296;35500
617;80702;CUSCO;CHUMBIVILCAS;CAPACMARCA;538;524;967;104600
618;80703;CUSCO;CHUMBIVILCAS;CHAMACA;714;696;1381;137400
619;80704;CUSCO;CHUMBIVILCAS;COLQUEMARCA;883;858;1713;169800
620;80705;CUSCO;CHUMBIVILCAS;LIVITACA;1466;1437;3226;286000
621;80706;CUSCO;CHUMBIVILCAS;LLUSCO;631;604;1308;119500
622;80707;CUSCO;CHUMBIVILCAS;QUIяTA;434;422;1045;83500
623;80701;CUSCO;CHUMBIVILCAS;SANTO TOMAS;1308;1254;2725;248600
624;80708;CUSCO;CHUMBIVILCAS;VELILLE;468;454;1027;90300
625;80102;CUSCO;CUSCO;CCORCA;233;229;475;45800
626;80101;CUSCO;CUSCO;CUSCO;3;3;9;1200
627;80103;CUSCO;CUSCO;POROY;6;4;17;1500
628;80104;CUSCO;CUSCO;SAN JERONIMO;6;4;17;1600
629;80105;CUSCO;CUSCO;SAN SEBASTIAN;17;8;36;3500
630;80106;CUSCO;CUSCO;SANTIAGO;11;5;29;2000
631;80808;CUSCO;ESPINAR;ALTO PICHIGUA;2;1;3;400
632;80802;CUSCO;ESPINAR;CONDOROMA;70;68;119;13500
633;80803;CUSCO;ESPINAR;COPORAQUE;809;799;1584;159000
634;80801;CUSCO;ESPINAR;ESPINAR;768;753;1547;149800
635;80804;CUSCO;ESPINAR;OCORURO;40;39;78;7700
636;80805;CUSCO;ESPINAR;PALLPATA;537;509;1156;99200
637;80806;CUSCO;ESPINAR;PICHIGUA;330;328;673;65500
638;80807;CUSCO;ESPINAR;SUYCKUTAMBO;135;134;266;27100
639;80902;CUSCO;LA CONVENCION;ECHARATE;675;660;1551;131600
640;80911;CUSCO;LA CONVENCION;INKAWASI;350;349;648;69600
641;80904;CUSCO;LA CONVENCION;MARANURA;106;103;181;20900
642;80914;CUSCO;LA CONVENCION;MEGANTONI;337;318;947;62200
643;80905;CUSCO;LA CONVENCION;OCOBAMBA;208;206;392;41500
644;80910;CUSCO;LA CONVENCION;PICHARI;760;733;1765;142900
645;80906;CUSCO;LA CONVENCION;QUELLOUNO;224;220;433;43900
646;80907;CUSCO;LA CONVENCION;QUIMBIRI;432;410;950;80700
647;80901;CUSCO;LA CONVENCION;SANTA ANA;13;8;25;3200
648;80908;CUSCO;LA CONVENCION;SANTA TERESA;257;249;451;49400
649;80909;CUSCO;LA CONVENCION;VILCABAMBA;663;660;1227;132200
650;80913;CUSCO;LA CONVENCION;VILLA KINTIARINA;123;114;329;22500
651;80912;CUSCO;LA CONVENCION;VILLA VIRGEN;52;50;96;9800
652;81002;CUSCO;PARURO;ACCHA;302;299;656;58900
653;81003;CUSCO;PARURO;CCAPI;337;331;661;66000
654;81004;CUSCO;PARURO;COLCHA;60;61;106;12200
655;81005;CUSCO;PARURO;HUANOQUITE;601;593;1181;118100
656;81006;CUSCO;PARURO;OMACHA;723;715;1647;142200
657;81007;CUSCO;PARURO;PACCARITAMBO;160;157;274;31600
658;81001;CUSCO;PARURO;PARURO;212;207;399;41400
659;81008;CUSCO;PARURO;PILLPINTO;31;30;63;6000
660;81009;CUSCO;PARURO;YAURISQUE;251;243;456;48600
661;81102;CUSCO;PAUCARTAMBO;CAICAY;326;315;808;62300
662;81103;CUSCO;PAUCARTAMBO;CHALLABAMBA;1046;1018;2294;200900
663;81104;CUSCO;PAUCARTAMBO;COLQUEPATA;885;880;2148;174500
664;81105;CUSCO;PAUCARTAMBO;HUANCARANI;641;629;1540;124900
665;81106;CUSCO;PAUCARTAMBO;KOSщPATA;27;25;63;5600
666;81101;CUSCO;PAUCARTAMBO;PAUCARTAMBO;1294;1258;2959;248400
667;81202;CUSCO;QUISPICANCHI;ANDAHUAYLILLAS;332;324;663;64800
668;81203;CUSCO;QUISPICANCHI;CAMANTI;2;1;3;400
669;81204;CUSCO;QUISPICANCHI;CCARHUAYO;329;313;721;61500
670;81205;CUSCO;QUISPICANCHI;CCATCA;1548;1515;3986;299700
671;81206;CUSCO;QUISPICANCHI;CUSIPATA;432;417;953;83600
672;81207;CUSCO;QUISPICANCHI;HUARO;211;206;518;41300
673;81208;CUSCO;QUISPICANCHI;LUCRE;141;139;298;27200
674;81209;CUSCO;QUISPICANCHI;MARCAPATA;500;489;1164;95800
675;81210;CUSCO;QUISPICANCHI;OCONGATE;1812;1763;4205;348900
676;81212;CUSCO;QUISPICANCHI;QUIQUIJANA;1010;987;2602;193900
677;81201;CUSCO;QUISPICANCHI;URCOS;503;474;1023;93800
678;81302;CUSCO;URUBAMBA;CHINCHERO;220;215;462;43600
679;81303;CUSCO;URUBAMBA;HUAYLLABAMBA;4;2;7;800
680;81305;CUSCO;URUBAMBA;MARAS;10;6;27;2400
681;81306;CUSCO;URUBAMBA;OLLANTAYTAMBO;435;424;996;83900
682;81301;CUSCO;URUBAMBA;URUBAMBA;6;2;14;800
683;90201;HUANCAVELICA;ACOBAMBA;ACOBAMBA;847;822;1607;160800
684;90202;HUANCAVELICA;ACOBAMBA;ANDABAMBA;394;388;808;77000
685;90203;HUANCAVELICA;ACOBAMBA;ANTA;576;570;1268;113100
686;90204;HUANCAVELICA;ACOBAMBA;CAJA;158;157;288;31100
687;90205;HUANCAVELICA;ACOBAMBA;MARCAS;158;155;300;31000
688;90206;HUANCAVELICA;ACOBAMBA;PAUCARA;1181;1159;2611;228300
689;90207;HUANCAVELICA;ACOBAMBA;POMACOCHA;250;249;455;49400
690;90208;HUANCAVELICA;ACOBAMBA;ROSARIO;640;626;1156;124100
691;90302;HUANCAVELICA;ANGARAES;ANCHONGA;887;877;2042;174500
692;90303;HUANCAVELICA;ANGARAES;CALLANMARCA;64;62;128;12200
693;90304;HUANCAVELICA;ANGARAES;CCOCHACCASA;71;70;165;13400
694;90305;HUANCAVELICA;ANGARAES;CHINCHO;117;117;233;23300
695;90306;HUANCAVELICA;ANGARAES;CONGALLA;319;317;745;63400
696;90307;HUANCAVELICA;ANGARAES;HUANCA HUANCA;157;153;381;30100
697;90308;HUANCAVELICA;ANGARAES;HUAYLLAY GRANDE;109;109;193;21800
698;90309;HUANCAVELICA;ANGARAES;JULCAMARCA;67;65;152;12900
699;90301;HUANCAVELICA;ANGARAES;LIRCAY;1767;1730;3920;342100
700;90310;HUANCAVELICA;ANGARAES;SAN ANTONIO DE ANTAPARCO;84;84;172;16800
701;90311;HUANCAVELICA;ANGARAES;SANTO TOMAS DE PATA;149;148;346;29600
702;90312;HUANCAVELICA;ANGARAES;SECCLLA;296;296;662;59000
703;90402;HUANCAVELICA;CASTROVIRREYNA;ARMA;94;92;193;18300
704;90403;HUANCAVELICA;CASTROVIRREYNA;AURAHUA;162;160;411;31700
705;90404;HUANCAVELICA;CASTROVIRREYNA;CAPILLAS;118;118;263;23400
706;90401;HUANCAVELICA;CASTROVIRREYNA;CASTROVIRREYNA;266;264;653;52600
707;90405;HUANCAVELICA;CASTROVIRREYNA;CHUPAMARCA;79;77;191;15200
708;90406;HUANCAVELICA;CASTROVIRREYNA;COCAS;66;65;153;13000
709;90407;HUANCAVELICA;CASTROVIRREYNA;HUACHOS;117;114;268;22500
710;90408;HUANCAVELICA;CASTROVIRREYNA;HUAMATAMBO;36;35;86;6900
711;90409;HUANCAVELICA;CASTROVIRREYNA;MOLLEPAMPA;112;112;250;22300
712;90410;HUANCAVELICA;CASTROVIRREYNA;SAN JUAN;56;52;126;9900
713;90411;HUANCAVELICA;CASTROVIRREYNA;SANTA ANA;55;53;119;10600
714;90412;HUANCAVELICA;CASTROVIRREYNA;TANTARA;66;61;143;11800
715;90413;HUANCAVELICA;CASTROVIRREYNA;TICRAPO;74;73;147;14500
716;90502;HUANCAVELICA;CHURCAMPA;ANCO;630;618;1412;122500
717;90503;HUANCAVELICA;CHURCAMPA;CHINCHIHUASI;261;255;631;50300
718;90501;HUANCAVELICA;CHURCAMPA;CHURCAMPA;504;495;1021;97800
719;90511;HUANCAVELICA;CHURCAMPA;COSME;332;324;823;64600
720;90504;HUANCAVELICA;CHURCAMPA;EL CARMEN;268;266;552;52900
721;90505;HUANCAVELICA;CHURCAMPA;LA MERCED;40;38;86;7500
722;90506;HUANCAVELICA;CHURCAMPA;LOCROJA;382;373;783;74200
723;90510;HUANCAVELICA;CHURCAMPA;PACHAMARCA;237;236;522;47200
724;90507;HUANCAVELICA;CHURCAMPA;PAUCARBAMBA;488;477;1068;94600
725;90508;HUANCAVELICA;CHURCAMPA;SAN MIGUEL DE MAYOCC;36;36;70;7200
726;90509;HUANCAVELICA;CHURCAMPA;SAN PEDRO DE CORIS;219;218;485;43600
727;90102;HUANCAVELICA;HUANCAVELICA;ACOBAMBILLA;130;129;307;25700
728;90103;HUANCAVELICA;HUANCAVELICA;ACORIA;2064;2052;4253;408300
729;90118;HUANCAVELICA;HUANCAVELICA;ASCENCION;346;344;654;68600
730;90104;HUANCAVELICA;HUANCAVELICA;CONAYCA;46;45;105;8900
731;90105;HUANCAVELICA;HUANCAVELICA;CUENCA;143;142;299;27900
732;90106;HUANCAVELICA;HUANCAVELICA;HUACHOCOLPA;114;109;280;21200
733;90101;HUANCAVELICA;HUANCAVELICA;HUANCAVELICA;617;609;1271;120400
734;90119;HUANCAVELICA;HUANCAVELICA;HUANDO;659;662;1298;131300
735;90107;HUANCAVELICA;HUANCAVELICA;HUAYLLAHUARA;45;45;76;9000
736;90109;HUANCAVELICA;HUANCAVELICA;LARIA;72;71;147;14200
737;90110;HUANCAVELICA;HUANCAVELICA;MANTA;94;93;209;18400
738;90111;HUANCAVELICA;HUANCAVELICA;MARISCAL CACERES;29;29;62;5800
739;90112;HUANCAVELICA;HUANCAVELICA;MOYA;91;91;169;18200
740;90113;HUANCAVELICA;HUANCAVELICA;NUEVO OCCORO;168;166;383;32900
741;90114;HUANCAVELICA;HUANCAVELICA;PALCA;150;149;321;29600
742;90115;HUANCAVELICA;HUANCAVELICA;PILCHACA;51;51;89;10200
743;90116;HUANCAVELICA;HUANCAVELICA;VILCA;223;219;445;43800
744;90117;HUANCAVELICA;HUANCAVELICA;YAULI;2798;2747;6557;543100
745;90602;HUANCAVELICA;HUAYTARA;AYAVI;56;56;111;11200
746;90603;HUANCAVELICA;HUAYTARA;CORDOVA;52;51;113;10200
747;90604;HUANCAVELICA;HUAYTARA;HUAYACUNDO ARMA;15;16;34;3100
748;90601;HUANCAVELICA;HUAYTARA;HUAYTARA;68;68;131;13500
749;90605;HUANCAVELICA;HUAYTARA;LARAMARCA;48;46;113;9100
750;90606;HUANCAVELICA;HUAYTARA;OCOYO;84;81;197;16100
751;90607;HUANCAVELICA;HUAYTARA;PILPICHACA;420;411;1099;81100
752;90608;HUANCAVELICA;HUAYTARA;QUERCO;68;68;144;13300
753;90609;HUANCAVELICA;HUAYTARA;QUITO ARMA;70;69;148;13400
754;90610;HUANCAVELICA;HUAYTARA;SAN ANTONIO DE CUSICANCHA;138;135;333;26800
755;90611;HUANCAVELICA;HUAYTARA;SAN FRANCISCO DE SANGAYAICO;68;68;164;13500
756;90612;HUANCAVELICA;HUAYTARA;SAN ISIDRO;50;49;102;9800
757;90613;HUANCAVELICA;HUAYTARA;SANTIAGO DE CHOCORVOS;153;152;328;30300
758;90614;HUANCAVELICA;HUAYTARA;SANTIAGO DE QUIRAHUARA;35;34;75;6700
759;90615;HUANCAVELICA;HUAYTARA;SANTO DOMINGO DE CAPILLAS;57;54;143;10700
760;90616;HUANCAVELICA;HUAYTARA;TAMBO;49;47;111;9200
761;90702;HUANCAVELICA;TAYACAJA;ACOSTAMBO;377;374;764;74200
762;90703;HUANCAVELICA;TAYACAJA;ACRAQUIA;420;418;727;83300
763;90704;HUANCAVELICA;TAYACAJA;AHUAYCHA;450;446;911;88500
764;90720;HUANCAVELICA;TAYACAJA;ANDAYMARCA;251;249;588;49300
765;90705;HUANCAVELICA;TAYACAJA;COLCABAMBA;1255;1234;2508;243200
766;90706;HUANCAVELICA;TAYACAJA;DANIEL HERNANDEZ;648;645;1265;128200
767;90707;HUANCAVELICA;TAYACAJA;HUACHOCOLPA;378;373;768;74500
768;90709;HUANCAVELICA;TAYACAJA;HUARIBAMBA;319;317;596;63100
769;90710;HUANCAVELICA;TAYACAJA;сHUIMPUQUIO;132;131;244;26200
770;90701;HUANCAVELICA;TAYACAJA;PAMPAS;652;637;1276;126200
771;90711;HUANCAVELICA;TAYACAJA;PAZOS;556;554;1118;110500
772;90722;HUANCAVELICA;TAYACAJA;PICHOS;179;175;419;34400
773;90719;HUANCAVELICA;TAYACAJA;QUICHUAS;380;371;893;73400
774;90713;HUANCAVELICA;TAYACAJA;QUISHUAR;101;101;204;20200
775;90721;HUANCAVELICA;TAYACAJA;ROBLE;161;158;338;31000
776;90714;HUANCAVELICA;TAYACAJA;SALCABAMBA;458;460;1023;91600
777;90715;HUANCAVELICA;TAYACAJA;SALCAHUASI;294;289;611;57400
778;90716;HUANCAVELICA;TAYACAJA;SAN MARCOS DE ROCCHAC;172;174;332;34500
779;90723;HUANCAVELICA;TAYACAJA;SANTIAGO DE TUCUMA;164;160;371;31700
780;90717;HUANCAVELICA;TAYACAJA;SURCUBAMBA;582;574;1232;114000
781;90718;HUANCAVELICA;TAYACAJA;TINTAY PUNCU;338;333;672;66000
782;100201;HUANUCO;AMBO;AMBO;1316;1296;2621;258100
783;100202;HUANUCO;AMBO;CAYNA;285;283;560;56400
784;100203;HUANUCO;AMBO;COLPAS;184;183;404;36400
785;100204;HUANUCO;AMBO;CONCHAMARCA;493;488;908;97000
786;100205;HUANUCO;AMBO;HUACAR;747;726;1293;144000
787;100206;HUANUCO;AMBO;SAN FRANCISCO;195;193;382;38500
788;100207;HUANUCO;AMBO;SAN RAFAEL;952;929;1912;182300
789;100208;HUANUCO;AMBO;TOMAY KICHWA;166;164;312;32800
790;100307;HUANUCO;DOS DE MAYO;CHUQUIS;436;433;904;86900
791;100301;HUANUCO;DOS DE MAYO;LA UNION;282;273;582;53900
792;100311;HUANUCO;DOS DE MAYO;MARIAS;698;683;1597;136300
793;100313;HUANUCO;DOS DE MAYO;PACHAS;528;522;1101;104200
794;100316;HUANUCO;DOS DE MAYO;QUIVILLA;76;76;162;15400
795;100317;HUANUCO;DOS DE MAYO;RIPAN;570;559;1241;111200
796;100321;HUANUCO;DOS DE MAYO;SHUNQUI;242;238;480;47000
797;100322;HUANUCO;DOS DE MAYO;SILLAPATA;240;236;478;47100
798;100323;HUANUCO;DOS DE MAYO;YANAS;275;273;552;54500
799;100402;HUANUCO;HUACAYBAMBA;CANCHABAMBA;405;404;959;80300
800;100403;HUANUCO;HUACAYBAMBA;COCHABAMBA;144;143;319;28400
801;100401;HUANUCO;HUACAYBAMBA;HUACAYBAMBA;658;651;1549;129700
802;100404;HUANUCO;HUACAYBAMBA;PINRA;843;824;1774;164000
803;100502;HUANUCO;HUAMALIES;ARANCAY;191;190;401;37800
804;100503;HUANUCO;HUAMALIES;CHAVIN DE PARIARCA;492;484;1025;96200
805;100504;HUANUCO;HUAMALIES;JACAS GRANDE;747;739;1643;147400
806;100505;HUANUCO;HUAMALIES;JIRCAN;169;169;409;33700
807;100501;HUANUCO;HUAMALIES;LLATA;1329;1298;2746;258200
808;100506;HUANUCO;HUAMALIES;MIRAFLORES;398;393;856;78500
809;100507;HUANUCO;HUAMALIES;MONZON;871;855;1702;171600
810;100508;HUANUCO;HUAMALIES;PUNCHAO;253;252;504;50300
811;100509;HUANUCO;HUAMALIES;PUяS;564;562;1317;112200
812;100510;HUANUCO;HUAMALIES;SINGA;394;390;828;77600
813;100511;HUANUCO;HUAMALIES;TANTAMAYO;208;206;436;41100
814;100102;HUANUCO;HUANUCO;AMARILIS;19;13;50;4700
815;100103;HUANUCO;HUANUCO;CHINCHAO;1429;1407;2514;279700
816;100104;HUANUCO;HUANUCO;CHURUBAMBA;2099;2082;4087;412000
817;100101;HUANUCO;HUANUCO;HUANUCO;10;3;24;1000
818;100105;HUANUCO;HUANUCO;MARGOS;566;557;1133;110800
819;100106;HUANUCO;HUANUCO;QUISQUI;428;425;872;84800
820;100107;HUANUCO;HUANUCO;SAN FRANCISCO DE CAYRAN;219;218;422;43600
821;100113;HUANUCO;HUANUCO;SAN PABLO DE PILLAO;898;882;1792;174800
822;100108;HUANUCO;HUANUCO;SAN PEDRO DE CHAULAN;381;379;885;75800
823;100109;HUANUCO;HUANUCO;SANTA MARIA DEL VALLE;2137;2111;4113;419000
824;100112;HUANUCO;HUANUCO;YACUS;253;250;545;49700
825;100110;HUANUCO;HUANUCO;YARUMAYO;242;237;502;47400
826;101002;HUANUCO;LAURICOCHA;BAяS;172;170;378;33700
827;101001;HUANUCO;LAURICOCHA;JESUS;443;433;901;85800
828;101003;HUANUCO;LAURICOCHA;JIVIA;88;88;191;17500
829;101004;HUANUCO;LAURICOCHA;QUEROPALCA;36;36;75;7200
830;101005;HUANUCO;LAURICOCHA;RONDOS;574;567;1198;113100
831;101006;HUANUCO;LAURICOCHA;SAN FRANCISCO DE ASIS;156;153;313;30500
832;101007;HUANUCO;LAURICOCHA;SAN MIGUEL DE CAURI;537;518;1289;102300
833;100608;HUANUCO;LEONCIO PRADO;CASTILLO GRANDE;17;10;35;3900
834;100602;HUANUCO;LEONCIO PRADO;DANIEL ALOMIA ROBLES;660;647;1249;128500
835;100603;HUANUCO;LEONCIO PRADO;HERMILIO VALDIZAN;439;438;807;87400
836;100604;HUANUCO;LEONCIO PRADO;JOSE CRESPO Y CASTILLO;1354;1330;2740;264100
837;100605;HUANUCO;LEONCIO PRADO;LUYANDO;364;357;706;70800
838;100606;HUANUCO;LEONCIO PRADO;MARIANO DAMASO BERAUN;1046;1034;1934;206400
839;100607;HUANUCO;LEONCIO PRADO;PUCUYACO;428;423;858;84200
840;100609;HUANUCO;LEONCIO PRADO;PUEBLO NUEVO;402;392;795;77900
841;100601;HUANUCO;LEONCIO PRADO;RUPA RUPA;13;6;38;2400
842;100610;HUANUCO;LEONCIO PRADO;SANTO DOMINGO DE ANDA;243;243;471;48600
843;100702;HUANUCO;MARAяN;CHOLON;770;761;1598;151100
844;100701;HUANUCO;MARAяN;HUACRACHUCO;1858;1838;4443;365600
845;100704;HUANUCO;MARAяN;LA MORADA;362;361;720;72100
846;100703;HUANUCO;MARAяN;SAN BUENAVENTURA;370;367;915;73400
847;100705;HUANUCO;MARAяN;SANTA ROSA DE ALTO DE YANAJANCA;278;273;612;54300
848;100802;HUANUCO;PACHITEA;CHAGLLA;1264;1244;2355;247300
849;100803;HUANUCO;PACHITEA;MOLINO;1432;1421;2975;283000
850;100801;HUANUCO;PACHITEA;PANAO;2190;2157;4760;428400
851;100804;HUANUCO;PACHITEA;UMARI;1656;1644;3184;327200
852;100902;HUANUCO;PUERTO INCA;CODO DEL POZUZO;275;267;652;52900
853;100903;HUANUCO;PUERTO INCA;HONORIA;235;228;544;45200
854;100901;HUANUCO;PUERTO INCA;PUERTO INCA;697;665;1681;128000
855;100904;HUANUCO;PUERTO INCA;TOURNAVISTA;213;205;490;40900
856;100905;HUANUCO;PUERTO INCA;YUYAPICHIS;214;205;527;40500
857;101104;HUANUCO;YAROWILCA;APARICIO POMARES;691;682;1448;135600
858;101102;HUANUCO;YAROWILCA;CAHUAC;115;114;223;22800
859;101103;HUANUCO;YAROWILCA;CHACABAMBA;140;135;316;26900
860;101101;HUANUCO;YAROWILCA;CHAVINILLO;667;667;1540;133000
861;101108;HUANUCO;YAROWILCA;CHORAS;303;298;631;59400
862;101105;HUANUCO;YAROWILCA;JACAS CHICO;94;94;189;18700
863;101106;HUANUCO;YAROWILCA;OBAS;516;509;963;101400
864;101107;HUANUCO;YAROWILCA;PAMPAMARCA;152;149;332;29700
865;110101;ICA;ICA;ICA;15;0;57;0
866;110504;ICA;PISCO;INDEPENDENCIA;9;0;24;0
867;120301;JUNIN;CHANCHAMAYO;CHANCHAMAYO;66;63;126;13800
868;120302;JUNIN;CHANCHAMAYO;PERENE;661;645;1447;130200
869;120303;JUNIN;CHANCHAMAYO;PICHANAKI;556;536;1273;108000
870;120304;JUNIN;CHANCHAMAYO;SAN LUIS DE SHUARO;26;22;51;5000
871;120305;JUNIN;CHANCHAMAYO;SAN RAMON;8;3;20;1300
872;120306;JUNIN;CHANCHAMAYO;VITOC;1;1;1;400
873;120902;JUNIN;CHUPACA;AHUAC;130;125;237;25100
874;120903;JUNIN;CHUPACA;CHONGOS BAJO;117;115;225;22800
875;120901;JUNIN;CHUPACA;CHUPACA;148;142;298;28200
876;120904;JUNIN;CHUPACA;HUACHAC;2;1;4;400
877;120905;JUNIN;CHUPACA;HUAMANCACA CHICO;96;94;179;19000
878;120906;JUNIN;CHUPACA;SAN JUAN DE ISCOS;42;41;77;8200
879;120907;JUNIN;CHUPACA;SAN JUAN DE JARPA;172;170;331;33800
880;120908;JUNIN;CHUPACA;TRES DE DICIEMBRE;121;119;235;23800
881;120909;JUNIN;CHUPACA;YANACANCHA;165;164;351;32800
882;120202;JUNIN;CONCEPCION;ACO;119;118;225;23600
883;120203;JUNIN;CONCEPCION;ANDAMARCA;465;461;1114;91100
884;120204;JUNIN;CONCEPCION;CHAMBARA;225;220;472;43800
885;120205;JUNIN;CONCEPCION;COCHAS;143;140;295;27800
886;120206;JUNIN;CONCEPCION;COMAS;482;476;1023;95100
887;120201;JUNIN;CONCEPCION;CONCEPCION;165;161;326;32200
888;120207;JUNIN;CONCEPCION;HEROINAS TOLEDO;67;67;123;13400
889;120209;JUNIN;CONCEPCION;MARISCAL CASTILLA;132;130;286;25500
890;120210;JUNIN;CONCEPCION;MATAHUASI;3;2;7;700
891;120211;JUNIN;CONCEPCION;MITO;30;29;54;5800
892;120213;JUNIN;CONCEPCION;ORCOTUNA;90;90;175;17800
893;120214;JUNIN;CONCEPCION;SAN JOSE DE QUERO;184;184;408;37200
894;120215;JUNIN;CONCEPCION;SANTA ROSA DE OCOPA;49;49;80;9800
895;120104;JUNIN;HUANCAYO;CARHUACALLANGA;1;1;1;200
896;120105;JUNIN;HUANCAYO;CHACAPAMPA;59;60;120;12000
897;120106;JUNIN;HUANCAYO;CHICCHE;26;26;60;5200
898;120107;JUNIN;HUANCAYO;CHILCA;4;2;9;800
899;120108;JUNIN;HUANCAYO;CHONGOS ALTO;67;67;135;13400
900;120112;JUNIN;HUANCAYO;COLCA;80;80;158;16000
901;120113;JUNIN;HUANCAYO;CULLHUAS;105;105;187;20800
902;120114;JUNIN;HUANCAYO;EL TAMBO;5;2;8;800
903;120116;JUNIN;HUANCAYO;HUACRAPUQUIO;101;100;203;20000
904;120119;JUNIN;HUANCAYO;HUANCAN;175;172;315;34200
905;120101;JUNIN;HUANCAYO;HUANCAYO;11;2;37;700
906;120120;JUNIN;HUANCAYO;HUASICANCHA;65;64;159;12800
907;120121;JUNIN;HUANCAYO;HUAYUCACHI;8;6;22;2300
908;120122;JUNIN;HUANCAYO;INGENIO;53;53;111;10500
909;120124;JUNIN;HUANCAYO;PARIAHUANCA;586;579;1270;114300
910;120125;JUNIN;HUANCAYO;PILCOMAYO;53;52;103;10300
911;120126;JUNIN;HUANCAYO;PUCARA;312;309;629;61500
912;120127;JUNIN;HUANCAYO;QUICHUAY;47;47;99;9400
913;120128;JUNIN;HUANCAYO;QUILCAS;108;106;218;21100
914;120129;JUNIN;HUANCAYO;SAN AGUSTIN DE LAS CAJAS;3;2;3;800
915;120130;JUNIN;HUANCAYO;SAN JERONIMO DE TUNAN;3;1;9;400
916;120132;JUNIN;HUANCAYO;SAN PEDRO DE SAя;77;74;130;14900
917;120135;JUNIN;HUANCAYO;SANTO DOMINGO DE ACOBAMBA;634;629;1505;125300
918;120133;JUNIN;HUANCAYO;SAPALLANGA;280;274;542;55200
919;120134;JUNIN;HUANCAYO;SICAYA;229;225;455;45000
920;120402;JUNIN;JAUJA;ACOLLA;167;165;301;32800
921;120403;JUNIN;JAUJA;APATA;3;2;3;800
922;120405;JUNIN;JAUJA;CANCHAYLLO;9;9;16;1800
923;120406;JUNIN;JAUJA;CURICACA;24;24;42;4800
924;120407;JUNIN;JAUJA;EL MANTARO;77;77;152;15400
925;120410;JUNIN;JAUJA;HUERTAS;3;2;7;800
926;120411;JUNIN;JAUJA;JANJAILLO;37;37;72;7400
927;120401;JUNIN;JAUJA;JAUJA;144;144;298;28800
928;120412;JUNIN;JAUJA;JULCAN;56;56;105;11100
929;120413;JUNIN;JAUJA;LEONOR ORDOхZ;57;56;98;11000
930;120415;JUNIN;JAUJA;MARCO;122;120;227;24000
931;120416;JUNIN;JAUJA;MASMA;162;159;313;31600
932;120417;JUNIN;JAUJA;MASMA CHICCHE;60;60;129;11900
933;120418;JUNIN;JAUJA;MOLINOS;117;113;233;22400
934;120421;JUNIN;JAUJA;MUQUIYAUYO;81;80;152;16000
935;120422;JUNIN;JAUJA;PACA;58;57;108;11300
936;120423;JUNIN;JAUJA;PACCHA;88;88;159;17500
937;120424;JUNIN;JAUJA;PANCAN;57;57;92;11600
938;120425;JUNIN;JAUJA;PARCO;25;25;57;5000
939;120426;JUNIN;JAUJA;POMACANCHA;105;102;204;20400
940;120427;JUNIN;JAUJA;RICRAN;98;97;218;19100
941;120428;JUNIN;JAUJA;SAN LORENZO;75;74;151;14500
942;120431;JUNIN;JAUJA;SINCOS;274;269;547;53200
943;120432;JUNIN;JAUJA;TUNAN MARCA;63;62;119;12200
944;120502;JUNIN;JUNIN;CARHUAMAYO;245;238;507;47200
945;120501;JUNIN;JUNIN;JUNIN;7;1;15;400
946;120504;JUNIN;JUNIN;ULCUMAYO;310;308;641;61500
947;120602;JUNIN;SATIPO;COVIRIALI;23;22;59;4400
948;120603;JUNIN;SATIPO;LLAYLLA;345;340;685;67700
949;120604;JUNIN;SATIPO;MAZAMARI;0;0;0;0
950;120699;JUNIN;SATIPO;MAZAMARI - PANGOA;4095;4003;10816;795700
951;120605;JUNIN;SATIPO;PAMPA HERMOSA;207;207;423;41400
952;120607;JUNIN;SATIPO;RIO NEGRO;1044;1028;2227;204900
953;120608;JUNIN;SATIPO;RIO TAMBO;3076;3028;8250;602900
954;120601;JUNIN;SATIPO;SATIPO;361;358;991;71900
955;120609;JUNIN;SATIPO;VIZCATAN DEL ENE;60;56;135;11200
956;120702;JUNIN;TARMA;ACOBAMBA;2;1;4;400
957;120703;JUNIN;TARMA;HUARICOLCA;130;130;274;25900
958;120704;JUNIN;TARMA;HUASAHUASI;580;577;1083;114800
959;120706;JUNIN;TARMA;PALCA;229;229;416;45800
960;120707;JUNIN;TARMA;PALCAMAYO;183;181;318;36200
961;120708;JUNIN;TARMA;SAN PEDRO DE CAJAS;167;163;323;32100
962;120709;JUNIN;TARMA;TAPO;302;300;558;59900
963;120701;JUNIN;TARMA;TARMA;8;5;18;2000
964;120803;JUNIN;YAULI;HUAY HUAY;17;17;29;3400
965;120801;JUNIN;YAULI;LA OROYA;3;2;9;800
966;120804;JUNIN;YAULI;MARCAPOMACOCHA;9;9;31;1800
967;120805;JUNIN;YAULI;MOROCOCHA;18;18;36;3600
968;120809;JUNIN;YAULI;SUITUCANCHA;13;13;36;2800
969;130201;LA LIBERTAD;ASCOPE;ASCOPE;2;1;8;500
970;130208;LA LIBERTAD;ASCOPE;CASA GRANDE;8;5;19;2000
971;130202;LA LIBERTAD;ASCOPE;CHICAMA;8;3;20;1200
972;130203;LA LIBERTAD;ASCOPE;CHOCOPE;1;1;2;400
973;130205;LA LIBERTAD;ASCOPE;PAIJAN;549;539;1106;107500
974;130206;LA LIBERTAD;ASCOPE;RAZURI;151;148;301;29800
975;130302;LA LIBERTAD;BOLIVAR;BAMBAMARCA;532;517;1289;102400
976;130301;LA LIBERTAD;BOLIVAR;BOLIVAR;422;393;1017;76400
977;130303;LA LIBERTAD;BOLIVAR;CONDORMARCA;240;238;558;47300
978;130304;LA LIBERTAD;BOLIVAR;LONGOTEA;138;138;306;27600
979;130305;LA LIBERTAD;BOLIVAR;UCHUMARCA;264;263;576;52400
980;130306;LA LIBERTAD;BOLIVAR;UCUNCHA;96;96;208;19000
981;130401;LA LIBERTAD;CHEPEN;CHEPEN;910;909;1586;180600
982;130402;LA LIBERTAD;CHEPEN;PACANGA;1259;1245;2356;249200
983;130403;LA LIBERTAD;CHEPEN;PUEBLO NUEVO;433;426;805;85300
984;131101;LA LIBERTAD;GRAN CHIMU;CASCAS;1040;1013;1903;199100
985;131102;LA LIBERTAD;GRAN CHIMU;LUCMA;562;561;1205;111700
986;131103;LA LIBERTAD;GRAN CHIMU;MARMOT;215;210;412;41900
987;131104;LA LIBERTAD;GRAN CHIMU;SAYAPULLO;633;619;1387;122400
988;130502;LA LIBERTAD;JULCAN;CALAMARCA;707;706;1537;141000
989;130503;LA LIBERTAD;JULCAN;CARABAMBA;692;687;1523;136900
990;130504;LA LIBERTAD;JULCAN;HUASO;704;704;1608;141200
991;130501;LA LIBERTAD;JULCAN;JULCAN;1304;1299;2556;258900
992;130602;LA LIBERTAD;OTUZCO;AGALLPAMPA;1105;1095;2166;218500
993;130604;LA LIBERTAD;OTUZCO;CHARAT;238;237;459;47400
994;130605;LA LIBERTAD;OTUZCO;HUARANCHAL;267;260;582;51600
995;130606;LA LIBERTAD;OTUZCO;LA CUESTA;79;79;173;15800
996;130608;LA LIBERTAD;OTUZCO;MACHE;284;281;530;55900
997;130601;LA LIBERTAD;OTUZCO;OTUZCO;2304;2256;4373;448500
998;130610;LA LIBERTAD;OTUZCO;PARANDAY;53;50;113;9900
999;130611;LA LIBERTAD;OTUZCO;SALPO;473;468;904;93200
1000;130613;LA LIBERTAD;OTUZCO;SINSICAP;992;982;2070;195300
1001;130614;LA LIBERTAD;OTUZCO;USQUIL;2128;2116;4432;423100
1002;130702;LA LIBERTAD;PACASMAYO;GUADALUPE;743;723;1401;143200
1003;130704;LA LIBERTAD;PACASMAYO;PACASMAYO;2;1;5;400
1004;130705;LA LIBERTAD;PACASMAYO;SAN JOSE;935;920;1664;183200
1005;130701;LA LIBERTAD;PACASMAYO;SAN PEDRO DE LLOC;2;2;3;800
1006;130802;LA LIBERTAD;PATAZ;BULDIBUYO;374;371;818;74200
1007;130803;LA LIBERTAD;PATAZ;CHILLIA;1829;1825;4605;364200
1008;130804;LA LIBERTAD;PATAZ;HUANCASPATA;693;684;1677;136000
1009;130805;LA LIBERTAD;PATAZ;HUAYLILLAS;103;99;218;20000
1010;130806;LA LIBERTAD;PATAZ;HUAYO;457;456;1039;91400
1011;130807;LA LIBERTAD;PATAZ;ONGON;160;159;361;31800
1012;130808;LA LIBERTAD;PATAZ;PARCOY;607;596;1430;119000
1013;130809;LA LIBERTAD;PATAZ;PATAZ;248;237;633;46200
1014;130810;LA LIBERTAD;PATAZ;PIAS;86;83;212;16500
1015;130811;LA LIBERTAD;PATAZ;SANTIAGO DE CHALLAS;264;263;566;52500
1016;130812;LA LIBERTAD;PATAZ;TAURIJA;370;369;853;73600
1017;130801;LA LIBERTAD;PATAZ;TAYABAMBA;1280;1262;2937;250700
1018;130813;LA LIBERTAD;PATAZ;URPAY;264;251;628;50000
1019;130902;LA LIBERTAD;SANCHEZ CARRION;CHUGAY;2325;2301;5408;455800
1020;130903;LA LIBERTAD;SANCHEZ CARRION;COCHORCO;926;919;2368;181200
1021;130904;LA LIBERTAD;SANCHEZ CARRION;CURGOS;1051;1029;2331;204600
1022;130901;LA LIBERTAD;SANCHEZ CARRION;HUAMACHUCO;3432;3361;7523;662600
1023;130905;LA LIBERTAD;SANCHEZ CARRION;MARCABAL;1777;1760;3801;351100
1024;130906;LA LIBERTAD;SANCHEZ CARRION;SANAGORAN;1519;1495;3812;297500
1025;130907;LA LIBERTAD;SANCHEZ CARRION;SARIN;1117;1104;2748;218500
1026;130908;LA LIBERTAD;SANCHEZ CARRION;SARTIMBAMBA;1385;1362;3328;269500
1027;131002;LA LIBERTAD;SANTIAGO DE CHUCO;ANGASMARCA;417;416;927;83400
1028;131003;LA LIBERTAD;SANTIAGO DE CHUCO;CACHICADAN;396;392;818;77800
1029;131004;LA LIBERTAD;SANTIAGO DE CHUCO;MOLLEBAMBA;216;215;443;42900
1030;131005;LA LIBERTAD;SANTIAGO DE CHUCO;MOLLEPATA;244;242;534;48000
1031;131006;LA LIBERTAD;SANTIAGO DE CHUCO;QUIRUVILCA;762;743;1749;147100
1032;131007;LA LIBERTAD;SANTIAGO DE CHUCO;SANTA CRUZ DE CHUCA;317;317;694;63300
1033;131001;LA LIBERTAD;SANTIAGO DE CHUCO;SANTIAGO DE CHUCO;2056;2023;4398;401000
1034;131008;LA LIBERTAD;SANTIAGO DE CHUCO;SITABAMBA;376;374;961;75000
1035;130102;LA LIBERTAD;TRUJILLO;EL PORVENIR;2620;2601;5363;519800
1036;130103;LA LIBERTAD;TRUJILLO;FLORENCIA DE MORA;1;1;2;400
1037;130104;LA LIBERTAD;TRUJILLO;HUANCHACO;5;4;13;1400
1038;130105;LA LIBERTAD;TRUJILLO;LA ESPERANZA;14;5;34;1900
1039;130107;LA LIBERTAD;TRUJILLO;MOCHE;1;1;3;200
1040;130108;LA LIBERTAD;TRUJILLO;POROTO;239;237;454;46900
1041;130109;LA LIBERTAD;TRUJILLO;SALAVERRY;565;563;1163;112000
1042;130110;LA LIBERTAD;TRUJILLO;SIMBAL;349;345;622;68600
1043;131202;LA LIBERTAD;VIRU;CHAO;1408;1346;2883;265400
1044;131203;LA LIBERTAD;VIRU;GUADALUPITO;494;487;939;96900
1045;131201;LA LIBERTAD;VIRU;VIRU;829;800;1794;157600
1046;140116;LAMBAYEQUE;CHICLAYO;CAYALTI;4;3;9;1200
1047;140101;LAMBAYEQUE;CHICLAYO;CHICLAYO;31;11;73;4300
1048;140102;LAMBAYEQUE;CHICLAYO;CHONGOYAPE;5;3;11;1100
1049;140105;LAMBAYEQUE;CHICLAYO;JOSE LEONARDO ORTIZ;21;6;64;2300
1050;140106;LAMBAYEQUE;CHICLAYO;LA VICTORIA;25;3;56;1200
1051;140107;LAMBAYEQUE;CHICLAYO;LAGUNAS;3;1;7;400
1052;140108;LAMBAYEQUE;CHICLAYO;MONSEFU;9;5;28;2000
1053;140109;LAMBAYEQUE;CHICLAYO;NUEVA ARICA;1;1;2;400
1054;140110;LAMBAYEQUE;CHICLAYO;OYOTUN;8;5;17;1900
1055;140117;LAMBAYEQUE;CHICLAYO;PATAPO;10;8;31;3200
1056;140111;LAMBAYEQUE;CHICLAYO;PICSI;4;3;7;1200
1057;140112;LAMBAYEQUE;CHICLAYO;PIMENTEL;15;6;42;2700
1058;140118;LAMBAYEQUE;CHICLAYO;POMALCA;2;1;6;400
1059;140113;LAMBAYEQUE;CHICLAYO;REQUE;7;4;16;1600
1060;140114;LAMBAYEQUE;CHICLAYO;SANTA ROSA;11;7;32;2900
1061;140115;LAMBAYEQUE;CHICLAYO;SAс;5;3;13;1200
1062;140202;LAMBAYEQUE;FERREсFE;CAсRIS;1465;1431;4114;284600
1063;140201;LAMBAYEQUE;FERREсFE;FERREсFE;5;3;16;1200
1064;140203;LAMBAYEQUE;FERREсFE;INCAHUASI;1808;1774;5016;346300
1065;140204;LAMBAYEQUE;FERREсFE;MANUEL ANTONIO MESONES MURO;2;2;7;800
1066;140205;LAMBAYEQUE;FERREсFE;PITIPO;20;10;54;3900
1067;140206;LAMBAYEQUE;FERREсFE;PUEBLO NUEVO;9;6;24;2100
1068;140302;LAMBAYEQUE;LAMBAYEQUE;CHOCHOPE;187;178;399;34500
1069;140303;LAMBAYEQUE;LAMBAYEQUE;ILLIMO;18;9;50;3500
1070;140304;LAMBAYEQUE;LAMBAYEQUE;JAYANCA;7;4;17;1600
1071;140301;LAMBAYEQUE;LAMBAYEQUE;LAMBAYEQUE;27;16;77;6300
1072;140305;LAMBAYEQUE;LAMBAYEQUE;MOCHUMI;28;8;83;3400
1073;140306;LAMBAYEQUE;LAMBAYEQUE;MORROPE;3532;3457;9767;687600
1074;140307;LAMBAYEQUE;LAMBAYEQUE;MOTUPE;17;8;48;2900
1075;140308;LAMBAYEQUE;LAMBAYEQUE;OLMOS;39;26;103;10400
1076;140309;LAMBAYEQUE;LAMBAYEQUE;PACORA;5;5;11;2000
1077;140310;LAMBAYEQUE;LAMBAYEQUE;SALAS;1594;1565;3686;311300
1078;140311;LAMBAYEQUE;LAMBAYEQUE;SAN JOSE;16;7;44;2800
1079;140312;LAMBAYEQUE;LAMBAYEQUE;TUCUME;29;15;76;6200
1080;150201;LIMA;BARRANCA;BARRANCA;5;2;12;800
1081;150202;LIMA;BARRANCA;PARAMONGA;1;1;2;400
1082;150203;LIMA;BARRANCA;PATIVILCA;5;1;19;300
1083;150204;LIMA;BARRANCA;SUPE;13;7;33;2800
1084;150301;LIMA;CAJATAMBO;CAJATAMBO;171;166;380;30900
1085;150302;LIMA;CAJATAMBO;COPA;103;102;222;19600
1086;150303;LIMA;CAJATAMBO;GORGOR;108;103;233;18600
1087;150304;LIMA;CAJATAMBO;HUANCAPON;95;92;193;17700
1088;150305;LIMA;CAJATAMBO;MANAS;48;45;95;8900
1089;150402;LIMA;CANTA;ARAHUAY;1;1;2;400
1090;150401;LIMA;CANTA;CANTA;1;1;3;400
1091;150503;LIMA;CAхTE;CALANGO;1;1;2;400
1092;150504;LIMA;CAхTE;CERRO AZUL;2;1;5;400
1093;150505;LIMA;CAхTE;CHILCA;4;1;7;400
1094;150507;LIMA;CAхTE;IMPERIAL;5;2;15;800
1095;150508;LIMA;CAхTE;LUNAHUANA;3;3;6;1200
1096;150509;LIMA;CAхTE;MALA;3;1;7;400
1097;150510;LIMA;CAхTE;NUEVO IMPERIAL;13;3;36;1400
1098;150511;LIMA;CAхTE;PACARAN;4;2;10;800
1099;150512;LIMA;CAхTE;QUILMANA;4;2;8;700
1100;150513;LIMA;CAхTE;SAN ANTONIO;1;1;4;400
1101;150514;LIMA;CAхTE;SAN LUIS;6;4;12;1400
1102;150501;LIMA;CAхTE;SAN VICENTE DE CAхTE;6;3;16;1100
1103;150516;LIMA;CAхTE;ZUщGA;1;1;3;400
1104;150604;LIMA;HUARAL;AUCALLAMA;5;3;14;1600
1105;150605;LIMA;HUARAL;CHANCAY;16;8;41;2900
1106;150601;LIMA;HUARAL;HUARAL;17;9;38;3700
1107;150606;LIMA;HUARAL;IHUARI;3;3;6;1100
1108;150706;LIMA;HUAROCHIRI;CUENCA;27;26;59;5200
1109;150711;LIMA;HUAROCHIRI;LANGA;83;83;164;16800
1110;150714;LIMA;HUAROCHIRI;RICARDO PALMA;2;1;6;400
1111;150715;LIMA;HUAROCHIRI;SAN ANDRES DE TUPICOCHA;119;110;273;21600
1112;150716;LIMA;HUAROCHIRI;SAN ANTONIO;3;1;7;400
1113;150718;LIMA;HUAROCHIRI;SAN DAMIAN;120;120;254;24000
1114;150722;LIMA;HUAROCHIRI;SAN MATEO;4;2;9;800
1115;150726;LIMA;HUAROCHIRI;SANGALLAYA;44;45;97;8900
1116;150728;LIMA;HUAROCHIRI;SANTA EULALIA;3;3;6;1100
1117;150730;LIMA;HUAROCHIRI;SANTIAGO DE TUNA;25;23;46;4600
1118;150802;LIMA;HUAURA;AMBAR;302;282;570;55300
1119;150803;LIMA;HUAURA;CALETA DE CARQUIN;3;1;10;300
1120;150804;LIMA;HUAURA;CHECRAS;85;81;157;16100
1121;150806;LIMA;HUAURA;HUAURA;9;7;21;2700
1122;150810;LIMA;HUAURA;SANTA MARIA;4;3;10;1100
1123;150811;LIMA;HUAURA;SAYAN;5;3;13;1100
1124;150812;LIMA;HUAURA;VEGUETA;10;5;24;1900
1125;150102;LIMA;LIMA;ANCON;6;3;12;1100
1126;150103;LIMA;LIMA;ATE;11;4;23;1400
1127;150106;LIMA;LIMA;CARABAYLLO;15;3;35;1300
1128;150110;LIMA;LIMA;COMAS;9;4;20;1400
1129;150112;LIMA;LIMA;INDEPENDENCIA;3;1;8;300
1130;150115;LIMA;LIMA;LA VICTORIA;5;2;12;800
1131;150101;LIMA;LIMA;LIMA;7;3;15;1000
1132;150118;LIMA;LIMA;LURIGANCHO;10;2;26;800
1133;150119;LIMA;LIMA;LURIN;9;2;26;800
1134;150123;LIMA;LIMA;PACHACAMAC;9;3;22;1000
1135;150125;LIMA;LIMA;PUENTE PIEDRA;17;3;41;1000
1136;150128;LIMA;LIMA;RIMAC;6;1;13;400
1137;150132;LIMA;LIMA;SAN JUAN DE LURIGANCHO;30;3;73;1300
1138;150133;LIMA;LIMA;SAN JUAN DE MIRAFLORES;6;0;12;200
1139;150135;LIMA;LIMA;SAN MARTIN DE PORRES;14;2;25;700
1140;150137;LIMA;LIMA;SANTA ANITA;7;5;14;1800
1141;150139;LIMA;LIMA;SANTA ROSA;1;1;2;300
1142;150142;LIMA;LIMA;VILLA EL SALVADOR;10;4;22;1500
1143;150143;LIMA;LIMA;VILLA MARIA DEL TRIUNFO;11;1;22;400
1144;150901;LIMA;OYON;OYON;1;1;4;400
1145;150906;LIMA;OYON;PACHANGARA;3;1;7;400
1146;151005;LIMA;YAUYOS;AZANGARO;42;42;93;8200
1147;151008;LIMA;YAUYOS;CATAHUASI;1;1;4;400
1148;151009;LIMA;YAUYOS;CHOCOS;81;78;187;15700
1149;151011;LIMA;YAUYOS;COLONIA;132;132;258;26400
1150;151012;LIMA;YAUYOS;HONGOS;40;40;80;8200
1151;151015;LIMA;YAUYOS;HUANGASCAR;47;46;95;9100
1152;151016;LIMA;YAUYOS;HUANTAN;53;52;124;10300
1153;151019;LIMA;YAUYOS;LINCHA;62;62;144;12300
1154;151020;LIMA;YAUYOS;MADEAN;77;76;185;15000
1155;151024;LIMA;YAUYOS;QUINCHES;39;39;75;7800
1156;151031;LIMA;YAUYOS;TUPE;55;55;120;11000
1157;151032;LIMA;YAUYOS;VIсC;188;183;451;36200
1158;151033;LIMA;YAUYOS;VITIS;21;20;26;3900
1159;160202;LORETO;ALTO AMAZONAS;BALSAPUERTO;2528;2459;8462;483600
1160;160205;LORETO;ALTO AMAZONAS;JEBEROS;561;533;1751;103900
1161;160206;LORETO;ALTO AMAZONAS;LAGUNAS;1562;1525;4123;301000
1162;160210;LORETO;ALTO AMAZONAS;SANTA CRUZ;531;517;1423;101400
1163;160211;LORETO;ALTO AMAZONAS;TENIENTE CESAR LOPEZ ROJAS;780;767;1983;151100
1164;160201;LORETO;ALTO AMAZONAS;YURIMAGUAS;7260;6895;16648;1350900
1165;160706;LORETO;DATEM DEL MARAяN;ANDOAS;1591;1582;4787;314400
1166;160701;LORETO;DATEM DEL MARAяN;BARRANCA;1840;1765;5123;347300
1167;160702;LORETO;DATEM DEL MARAяN;CAHUAPANAS;1133;1112;3649;218600
1168;160703;LORETO;DATEM DEL MARAяN;MANSERICHE;1307;1300;3803;259700
1169;160704;LORETO;DATEM DEL MARAяN;MORONA;1154;1146;4012;228100
1170;160705;LORETO;DATEM DEL MARAяN;PASTAZA;1036;1007;3338;199700
1171;160301;LORETO;LORETO;NAUTA;2692;2553;7056;502000
1172;160302;LORETO;LORETO;PARINARI;788;778;2105;154700
1173;160303;LORETO;LORETO;TIGRE;1181;1129;3269;222600
1174;160304;LORETO;LORETO;TROMPETEROS;893;846;2350;165200
1175;160305;LORETO;LORETO;URARINAS;1778;1723;4199;335500
1176;160402;LORETO;MARISCAL RAMON CASTILLA;PEBAS;1334;1279;3822;251700
1177;160401;LORETO;MARISCAL RAMON CASTILLA;RAMON CASTILLA;2442;2312;6616;452600
1178;160404;LORETO;MARISCAL RAMON CASTILLA;SAN PABLO;1097;1048;3011;203100
1179;160403;LORETO;MARISCAL RAMON CASTILLA;YAVARI;575;554;1463;109600
1180;160102;LORETO;MAYNAS;ALTO NANAY;386;378;1013;74300
1181;160112;LORETO;MAYNAS;BELEN;13;8;41;1600
1182;160103;LORETO;MAYNAS;FERNANDO LORES;1709;1659;4278;329900
1183;160104;LORETO;MAYNAS;INDIANA;1313;1261;3410;247100
1184;160105;LORETO;MAYNAS;LAS AMAZONAS;1059;1016;2755;199500
1185;160106;LORETO;MAYNAS;MAZAN;1755;1704;4610;334900
1186;160107;LORETO;MAYNAS;NAPO;1572;1519;4696;298400
1187;160108;LORETO;MAYNAS;PUNCHANA;266;257;645;50500
1188;160113;LORETO;MAYNAS;SAN JUAN BAUTISTA;3659;3527;8034;697800
1189;160110;LORETO;MAYNAS;TORRES CAUSANA;727;684;2383;132100
1190;160801;LORETO;PUTUMAYO;PUTUMAYO;337;329;778;64700
1191;160802;LORETO;PUTUMAYO;ROSA PANDURO;52;54;127;10700
1192;160803;LORETO;PUTUMAYO;TENIENTE MANUEL CLAVERO;286;284;626;56800
1193;160804;LORETO;PUTUMAYO;YAGUAS;204;198;519;39400
1194;160502;LORETO;REQUENA;ALTO TAPICHE;151;149;396;29400
1195;160503;LORETO;REQUENA;CAPELO;362;353;856;69600
1196;160504;LORETO;REQUENA;EMILIO SAN MARTIN;745;731;1981;145900
1197;160510;LORETO;REQUENA;JENARO HERRERA;553;543;1449;108100
1198;160505;LORETO;REQUENA;MAQUIA;938;918;2610;182100
1199;160506;LORETO;REQUENA;PUINAHUA;680;659;1782;130400
1200;160501;LORETO;REQUENA;REQUENA;2486;2441;6715;482000
1201;160507;LORETO;REQUENA;SAQUENA;394;380;1095;75000
1202;160508;LORETO;REQUENA;SOPLIN;84;83;224;16500
1203;160509;LORETO;REQUENA;TAPICHE;92;84;236;16600
1204;160511;LORETO;REQUENA;YAQUERANA;397;393;1090;78200
1205;160601;LORETO;UCAYALI;CONTAMANA;1390;1318;3888;256800
1206;160602;LORETO;UCAYALI;INAHUAYA;171;167;398;32800
1207;160603;LORETO;UCAYALI;PADRE MARQUEZ;531;513;1513;100500
1208;160604;LORETO;UCAYALI;PAMPA HERMOSA;895;876;2236;173300
1209;160605;LORETO;UCAYALI;SARAYACU;1479;1432;3614;282900
1210;160606;LORETO;UCAYALI;VARGAS GUERRA;949;907;2600;180600
1211;170202;MADRE DE DIOS;MANU;FITZCARRALD;129;127;377;25300
1212;170204;MADRE DE DIOS;MANU;HUEPETUHE;4;3;8;600
1213;170203;MADRE DE DIOS;MANU;MADRE DE DIOS;82;81;179;16200
1214;170201;MADRE DE DIOS;MANU;MANU;50;49;126;9600
1215;170302;MADRE DE DIOS;TAHUAMANU;IBERIA;5;1;17;200
1216;170301;MADRE DE DIOS;TAHUAMANU;IсPARI;16;16;36;3100
1217;170102;MADRE DE DIOS;TAMBOPATA;INAMBARI;10;5;21;1000
1218;170104;MADRE DE DIOS;TAMBOPATA;LABERINTO;10;9;25;1800
1219;170103;MADRE DE DIOS;TAMBOPATA;LAS PIEDRAS;16;11;38;2200
1220;170101;MADRE DE DIOS;TAMBOPATA;TAMBOPATA;236;213;589;41900
1221;180101;MOQUEGUA;MARISCAL NIETO;MOQUEGUA;11;0;21;0
1222;190202;PASCO;DANIEL ALCIDES CARRION;CHACAYAN;115;112;209;22400
1223;190203;PASCO;DANIEL ALCIDES CARRION;GOYLLARISQUIZGA;20;19;32;3800
1224;190204;PASCO;DANIEL ALCIDES CARRION;PAUCAR;176;175;375;34900
1225;190205;PASCO;DANIEL ALCIDES CARRION;SAN PEDRO DE PILLAO;86;85;183;16800
1226;190206;PASCO;DANIEL ALCIDES CARRION;SANTA ANA DE TUSI;342;340;689;68000
1227;190207;PASCO;DANIEL ALCIDES CARRION;TAPUC;153;152;285;30400
1228;190208;PASCO;DANIEL ALCIDES CARRION;VILCABAMBA;62;60;113;11900
1229;190201;PASCO;DANIEL ALCIDES CARRION;YANAHUANCA;642;626;1292;124100
1230;190308;PASCO;OXAPAMPA;CIUDAD CONSTITUCION;836;784;2096;153200
1231;190303;PASCO;OXAPAMPA;HUANCABAMBA;385;379;719;74200
1232;190301;PASCO;OXAPAMPA;OXAPAMPA;106;105;189;21000
1233;190304;PASCO;OXAPAMPA;PALCAZU;708;697;1625;138600
1234;190305;PASCO;OXAPAMPA;POZUZO;387;379;831;74500
1235;190306;PASCO;OXAPAMPA;PUERTO BERMUDEZ;1814;1776;4905;350000
1236;190307;PASCO;OXAPAMPA;VILLA RICA;835;821;1645;163300
1237;190101;PASCO;PASCO;CHAUPIMARCA;316;306;598;60900
1238;190102;PASCO;PASCO;HUACHON;255;249;516;49700
1239;190104;PASCO;PASCO;HUAYLLAY;94;90;177;17700
1240;190105;PASCO;PASCO;NINACACA;307;296;617;57900
1241;190106;PASCO;PASCO;PALLANCHACRA;117;117;200;23400
1242;190107;PASCO;PASCO;PAUCARTAMBO;813;779;1567;152100
1243;190108;PASCO;PASCO;SAN FRANCISCO DE ASIS DE YARUSYACAN;165;163;300;31800
1244;190110;PASCO;PASCO;TICLACAYAN;200;193;369;38300
1245;190112;PASCO;PASCO;VICCO;91;89;188;17500
1246;200201;PIURA;AYABACA;AYABACA;3872;3829;9187;761000
1247;200202;PIURA;AYABACA;FRIAS;2760;2711;6899;538700
1248;200203;PIURA;AYABACA;JILILI;326;318;698;63200
1249;200204;PIURA;AYABACA;LAGUNAS;780;766;2122;152000
1250;200205;PIURA;AYABACA;MONTERO;669;661;1488;131300
1251;200206;PIURA;AYABACA;PACAIPAMPA;2804;2721;7766;536500
1252;200207;PIURA;AYABACA;PAIMAS;1154;1119;2527;221500
1253;200208;PIURA;AYABACA;SAPILLICA;1485;1453;3979;289600
1254;200209;PIURA;AYABACA;SICCHEZ;175;172;343;34200
1255;200210;PIURA;AYABACA;SUYO;1619;1602;3295;319700
1256;200302;PIURA;HUANCABAMBA;CANCHAQUE;764;750;1551;149500
1257;200303;PIURA;HUANCABAMBA;EL CARMEN DE LA FRONTERA;1683;1653;3768;329900
1258;200301;PIURA;HUANCABAMBA;HUANCABAMBA;3343;3264;7055;647300
1259;200304;PIURA;HUANCABAMBA;HUARMACA;4226;4182;10655;835500
1260;200305;PIURA;HUANCABAMBA;LALAQUIZ;517;508;1114;100400
1261;200306;PIURA;HUANCABAMBA;SAN MIGUEL DE EL FAIQUE;1079;1053;2601;209100
1262;200307;PIURA;HUANCABAMBA;SONDOR;902;889;2136;176200
1263;200308;PIURA;HUANCABAMBA;SONDORILLO;1650;1638;3803;326600
1264;200402;PIURA;MORROPON;BUENOS AIRES;964;937;1867;185000
1265;200403;PIURA;MORROPON;CHALACO;925;918;2164;181900
1266;200401;PIURA;MORROPON;CHULUCANAS;6334;6243;13175;1242200
1267;200404;PIURA;MORROPON;LA MATANZA;1689;1651;3574;327300
1268;200405;PIURA;MORROPON;MORROPON;1475;1431;2862;282700
1269;200406;PIURA;MORROPON;SALITRAL;1029;1013;2122;199800
1270;200407;PIURA;MORROPON;SAN JUAN DE BIGOTE;872;866;1760;170700
1271;200408;PIURA;MORROPON;SANTA CATALINA DE MOSSA;372;370;773;73800
1272;200409;PIURA;MORROPON;SANTO DOMINGO;662;656;1315;130800
1273;200410;PIURA;MORROPON;YAMANGO;931;925;2182;184200
1274;200502;PIURA;PAITA;AMOTAPE;88;86;175;17100
1275;200503;PIURA;PAITA;ARENAL;17;16;37;3100
1276;200504;PIURA;PAITA;COLAN;1550;1507;3239;295800
1277;200505;PIURA;PAITA;LA HUACA;7;2;24;800
1278;200501;PIURA;PAITA;PAITA;10;6;25;2400
1279;200506;PIURA;PAITA;TAMARINDO;457;446;928;89000
1280;200507;PIURA;PAITA;VICHAYAL;544;532;1228;105600
1281;200104;PIURA;PIURA;CASTILLA;22;15;57;6100
1282;200105;PIURA;PIURA;CATACAOS;5556;5366;12468;1055200
1283;200107;PIURA;PIURA;CURA MORI;2202;2151;4905;426400
1284;200108;PIURA;PIURA;EL TALLAN;701;685;1748;135900
1285;200109;PIURA;PIURA;LA ARENA;3848;3741;9023;736000
1286;200110;PIURA;PIURA;LA UNION;3641;3457;8753;672400
1287;200111;PIURA;PIURA;LAS LOMAS;3649;3611;7446;719200
1288;200101;PIURA;PIURA;PIURA;12;3;31;1200
1289;200114;PIURA;PIURA;TAMBO GRANDE;8450;8348;18417;1660000
1290;200115;PIURA;PIURA;VEINTISEIS DE OCTUBRE;12;6;34;2200
1291;200802;PIURA;SECHURA;BELLAVISTA DE LA UNION;423;406;927;79500
1292;200803;PIURA;SECHURA;BERNAL;602;568;1370;108800
1293;200804;PIURA;SECHURA;CRISTO NOS VALGA;495;488;1197;96200
1294;200801;PIURA;SECHURA;SECHURA;15;10;39;4000
1295;200805;PIURA;SECHURA;VICE;1098;1088;2976;217100
1296;200602;PIURA;SULLANA;BELLAVISTA;14;8;39;3200
1297;200603;PIURA;SULLANA;IGNACIO ESCUDERO;1504;1472;3052;292300
1298;200604;PIURA;SULLANA;LANCONES;1307;1279;2602;253600
1299;200605;PIURA;SULLANA;MARCAVELICA;18;12;43;4900
1300;200606;PIURA;SULLANA;MIGUEL CHECA;1042;989;1990;193800
1301;200607;PIURA;SULLANA;QUERECOTILLO;2391;2334;4523;459600
1302;200608;PIURA;SULLANA;SALITRAL;4;2;11;800
1303;200601;PIURA;SULLANA;SULLANA;38;25;97;9400
1304;200702;PIURA;TALARA;EL ALTO;5;5;13;1800
1305;200703;PIURA;TALARA;LA BREA;3;1;8;400
1306;200705;PIURA;TALARA;LOS ORGANOS;2;1;6;400
1307;200706;PIURA;TALARA;MANCORA;479;461;1011;90000
1308;200701;PIURA;TALARA;PARIсS;4;0;7;400
1309;210202;PUNO;AZANGARO;ACHAYA;261;260;518;51800
1310;210203;PUNO;AZANGARO;ARAPA;493;486;966;97000
1311;210204;PUNO;AZANGARO;ASILLO;1331;1316;2489;261400
1312;210201;PUNO;AZANGARO;AZANGARO;1835;1804;3627;358900
1313;210205;PUNO;AZANGARO;CAMINACA;238;238;502;47600
1314;210206;PUNO;AZANGARO;CHUPA;515;505;958;100300
1315;210207;PUNO;AZANGARO;JOSE DOMINGO CHOQUEHUANCA;338;331;614;65800
1316;210208;PUNO;AZANGARO;MUсNI;694;673;1460;133300
1317;210209;PUNO;AZANGARO;POTONI;366;360;734;71000
1318;210210;PUNO;AZANGARO;SAMAN;810;799;1722;158900
1319;210211;PUNO;AZANGARO;SAN ANTON;518;513;1022;101800
1320;210212;PUNO;AZANGARO;SAN JOSE;512;509;905;101200
1321;210213;PUNO;AZANGARO;SAN JUAN DE SALINAS;170;167;308;33600
1322;210214;PUNO;AZANGARO;SANTIAGO DE PUPUJA;351;347;631;68200
1323;210215;PUNO;AZANGARO;TIRAPATA;289;282;609;55500
1324;210302;PUNO;CARABAYA;AJOYANI;152;149;279;29700
1325;210303;PUNO;CARABAYA;AYAPATA;623;617;1173;122900
1326;210304;PUNO;CARABAYA;COASA;573;565;1156;112700
1327;210305;PUNO;CARABAYA;CORANI;472;468;1096;93500
1328;210306;PUNO;CARABAYA;CRUCERO;709;703;1408;139600
1329;210307;PUNO;CARABAYA;ITUATA;499;492;1132;97500
1330;210301;PUNO;CARABAYA;MACUSANI;1169;1118;2483;220900
1331;210308;PUNO;CARABAYA;OLLACHEA;675;662;1574;131700
1332;210309;PUNO;CARABAYA;SAN GABAN;125;122;223;24300
1333;210310;PUNO;CARABAYA;USICAYOS;275;270;622;53800
1334;210402;PUNO;CHUCUITO;DESAGUADERO;304;299;626;58500
1335;210403;PUNO;CHUCUITO;HUACULLANI;424;422;773;84200
1336;210401;PUNO;CHUCUITO;JULI;737;716;1386;143400
1337;210404;PUNO;CHUCUITO;KELLUYO;339;334;688;66600
1338;210405;PUNO;CHUCUITO;PISACOMA;193;190;412;37600
1339;210406;PUNO;CHUCUITO;POMATA;560;553;1045;110600
1340;210407;PUNO;CHUCUITO;ZEPITA;1233;1205;2453;239400
1341;210502;PUNO;EL COLLAO;CAPAZO;60;60;95;11900
1342;210505;PUNO;EL COLLAO;CONDURIRI;188;186;346;37100
1343;210501;PUNO;EL COLLAO;ILAVE;1094;1076;1921;217300
1344;210503;PUNO;EL COLLAO;PILCUYO;377;375;657;75000
1345;210504;PUNO;EL COLLAO;SANTA ROSA;223;221;408;44000
1346;210602;PUNO;HUANCANE;COJATA;383;381;726;75700
1347;210601;PUNO;HUANCANE;HUANCANE;1262;1214;2254;241300
1348;210603;PUNO;HUANCANE;HUATASANI;183;177;333;35300
1349;210604;PUNO;HUANCANE;INCHUPALLA;189;178;326;35100
1350;210605;PUNO;HUANCANE;PUSI;287;282;565;56500
1351;210606;PUNO;HUANCANE;ROSASPATA;311;305;568;60900
1352;210607;PUNO;HUANCANE;TARACO;686;673;1272;134700
1353;210608;PUNO;HUANCANE;VILQUE CHICO;406;403;798;80100
1354;210702;PUNO;LAMPA;CABANILLA;99;98;178;19600
1355;210703;PUNO;LAMPA;CALAPUJA;106;105;211;21000
1356;210701;PUNO;LAMPA;LAMPA;480;472;880;95200
1357;210704;PUNO;LAMPA;NICASIO;231;229;408;45700
1358;210705;PUNO;LAMPA;OCUVIRI;111;109;231;21400
1359;210706;PUNO;LAMPA;PALCA;173;170;335;33600
1360;210707;PUNO;LAMPA;PARATIA;135;133;246;26500
1361;210708;PUNO;LAMPA;PUCARA;440;429;804;85300
1362;210709;PUNO;LAMPA;SANTA LUCIA;276;268;527;53000
1363;210710;PUNO;LAMPA;VILAVILA;49;49;95;10000
1364;210802;PUNO;MELGAR;ANTAUTA;259;257;511;51300
1365;210801;PUNO;MELGAR;AYAVIRI;546;544;959;108200
1366;210803;PUNO;MELGAR;CUPI;172;170;313;33900
1367;210804;PUNO;MELGAR;LLALLI;230;231;401;46000
1368;210805;PUNO;MELGAR;MACARI;587;572;1144;113600
1369;210806;PUNO;MELGAR;NUяA;727;713;1326;141300
1370;210807;PUNO;MELGAR;ORURILLO;799;789;1490;156700
1371;210808;PUNO;MELGAR;SANTA ROSA;473;463;968;92500
1372;210809;PUNO;MELGAR;UMACHIRI;99;98;178;19600
1373;210902;PUNO;MOHO;CONIMA;162;160;307;31800
1374;210903;PUNO;MOHO;HUAYRAPATA;203;200;422;39400
1375;210901;PUNO;MOHO;MOHO;726;715;1368;142300
1376;210904;PUNO;MOHO;TILALI;114;112;190;22200
1377;210102;PUNO;PUNO;ACORA;1570;1559;2663;310300
1378;210103;PUNO;PUNO;AMANTANI;366;364;592;72900
1379;210104;PUNO;PUNO;ATUNCOLLA;426;424;802;84700
1380;210105;PUNO;PUNO;CAPACHICA;428;418;804;83100
1381;210106;PUNO;PUNO;CHUCUITO;434;427;729;85300
1382;210107;PUNO;PUNO;COATA;492;481;1006;95400
1383;210108;PUNO;PUNO;HUATA;274;259;602;50700
1384;210109;PUNO;PUNO;MAсZO;251;251;489;49600
1385;210110;PUNO;PUNO;PAUCARCOLLA;377;375;664;74900
1386;210111;PUNO;PUNO;PICHACANI;406;392;735;77700
1387;210112;PUNO;PUNO;PLATERIA;439;431;837;85900
1388;210101;PUNO;PUNO;PUNO;17;17;36;6400
1389;210113;PUNO;PUNO;SAN ANTONIO;82;82;163;16300
1390;210114;PUNO;PUNO;TIQUILLACA;80;80;149;16000
1391;210115;PUNO;PUNO;VILQUE;100;99;191;19800
1392;211002;PUNO;SAN ANTONIO DE PUTINA;ANANEA;97;95;177;18600
1393;211003;PUNO;SAN ANTONIO DE PUTINA;PEDRO VILCA APAZA;132;126;234;24800
1394;211001;PUNO;SAN ANTONIO DE PUTINA;PUTINA;778;767;1502;152900
1395;211004;PUNO;SAN ANTONIO DE PUTINA;QUILCAPUNCU;385;384;741;76100
1396;211005;PUNO;SAN ANTONIO DE PUTINA;SINA;117;110;255;21600
1397;211102;PUNO;SAN ROMAN;CABANA;101;99;189;20000
1398;211103;PUNO;SAN ROMAN;CABANILLAS;60;60;122;12800
1399;211104;PUNO;SAN ROMAN;CARACOTO;434;430;880;85800
1400;211101;PUNO;SAN ROMAN;JULIACA;1046;1005;2080;200300
1401;211105;PUNO;SAN ROMAN;SAN MIGUEL;213;204;408;40800
1402;211209;PUNO;SANDIA;ALTO INAMBARI;268;265;471;53300
1403;211202;PUNO;SANDIA;CUYOCUYO;435;432;764;86000
1404;211203;PUNO;SANDIA;LIMBANI;153;154;270;30600
1405;211204;PUNO;SANDIA;PATAMBUCO;470;463;878;91400
1406;211205;PUNO;SANDIA;PHARA;176;173;323;34300
1407;211206;PUNO;SANDIA;QUIACA;183;179;350;35700
1408;211207;PUNO;SANDIA;SAN JUAN DEL ORO;334;326;551;64600
1409;211210;PUNO;SANDIA;SAN PEDRO DE PUTINA PUNCO;9;6;18;2400
1410;211201;PUNO;SANDIA;SANDIA;780;768;1456;152500
1411;211208;PUNO;SANDIA;YANAHUAYA;93;93;167;18900
1412;211302;PUNO;YUNGUYO;ANAPIA;62;62;119;12400
1413;211303;PUNO;YUNGUYO;COPANI;317;307;646;61200
1414;211304;PUNO;YUNGUYO;CUTURAPI;42;41;81;8100
1415;211305;PUNO;YUNGUYO;OLLARAYA;100;98;166;19500
1416;211306;PUNO;YUNGUYO;TINICACHI;16;15;37;3000
1417;211307;PUNO;YUNGUYO;UNICACHI;31;31;46;5900
1418;211301;PUNO;YUNGUYO;YUNGUYO;651;650;1237;129400
1419;220202;SAN MARTIN;BELLAVISTA;ALTO BIAVO;1219;1203;2730;240300
1420;220203;SAN MARTIN;BELLAVISTA;BAJO BIAVO;488;485;1129;99200
1421;220201;SAN MARTIN;BELLAVISTA;BELLAVISTA;7;6;16;2400
1422;220205;SAN MARTIN;BELLAVISTA;SAN PABLO;565;557;1131;112600
1423;220206;SAN MARTIN;BELLAVISTA;SAN RAFAEL;4;1;13;400
1424;220302;SAN MARTIN;EL DORADO;AGUA BLANCA;127;123;245;25000
1425;220301;SAN MARTIN;EL DORADO;SAN JOSE DE SISA;1360;1335;2782;267100
1426;220303;SAN MARTIN;EL DORADO;SAN MARTIN;1277;1256;2862;250500
1427;220304;SAN MARTIN;EL DORADO;SANTA ROSA;960;957;1869;191300
1428;220305;SAN MARTIN;EL DORADO;SHATOJA;304;297;661;59000
1429;220402;SAN MARTIN;HUALLAGA;ALTO SAPOSOA;351;336;675;67500
1430;220403;SAN MARTIN;HUALLAGA;EL ESLABON;118;117;222;23600
1431;220404;SAN MARTIN;HUALLAGA;PISCOYACU;223;218;447;43800
1432;220401;SAN MARTIN;HUALLAGA;SAPOSOA;544;530;1093;106400
1433;220502;SAN MARTIN;LAMAS;ALONSO DE ALVARADO;1747;1729;3477;343700
1434;220503;SAN MARTIN;LAMAS;BARRANQUITA;851;822;1785;162400
1435;220504;SAN MARTIN;LAMAS;CAYNARACHI;760;741;1633;145700
1436;220505;SAN MARTIN;LAMAS;CUѕMBUQUI;240;240;427;48000
1437;220501;SAN MARTIN;LAMAS;LAMAS;1105;1089;2124;219000
1438;220506;SAN MARTIN;LAMAS;PINTO RECODO;1122;1112;2332;221800
1439;220507;SAN MARTIN;LAMAS;RUMISAPA;449;441;786;88100
1440;220508;SAN MARTIN;LAMAS;SAN ROQUE DE CUMBAZA;226;223;439;44500
1441;220509;SAN MARTIN;LAMAS;SHANAO;259;254;521;51200
1442;220510;SAN MARTIN;LAMAS;TABALOSOS;1545;1534;3075;306400
1443;220511;SAN MARTIN;LAMAS;ZAPATERO;759;754;1534;150400
1444;220602;SAN MARTIN;MARISCAL CACERES;CAMPANILLA;407;388;778;78700
1445;220603;SAN MARTIN;MARISCAL CACERES;HUICUNGO;346;339;754;68600
1446;220601;SAN MARTIN;MARISCAL CACERES;JUANJUI;10;6;26;2400
1447;220604;SAN MARTIN;MARISCAL CACERES;PACHIZA;6;5;21;1800
1448;220605;SAN MARTIN;MARISCAL CACERES;PAJARILLO;243;240;461;48400
1449;220102;SAN MARTIN;MOYOBAMBA;CALZADA;8;4;14;1600
1450;220103;SAN MARTIN;MOYOBAMBA;HABANA;9;5;23;1900
1451;220104;SAN MARTIN;MOYOBAMBA;JEPELACIO;802;796;1550;159700
1452;220101;SAN MARTIN;MOYOBAMBA;MOYOBAMBA;167;156;453;34300
1453;220105;SAN MARTIN;MOYOBAMBA;SORITOR;936;924;1958;185300
1454;220106;SAN MARTIN;MOYOBAMBA;YANTALO;2;1;4;400
1455;220702;SAN MARTIN;PICOTA;BUENOS AIRES;417;417;798;83400
1456;220703;SAN MARTIN;PICOTA;CASPISAPA;4;2;8;600
1457;220701;SAN MARTIN;PICOTA;PICOTA;241;235;471;47600
1458;220704;SAN MARTIN;PICOTA;PILLUANA;59;59;131;11800
1459;220705;SAN MARTIN;PICOTA;PUCACACA;6;3;16;1000
1460;220706;SAN MARTIN;PICOTA;SAN CRISTOBAL;58;57;133;11300
1461;220707;SAN MARTIN;PICOTA;SAN HILARION;3;1;12;400
1462;220708;SAN MARTIN;PICOTA;SHAMBOYACU;1097;1091;2607;217800
1463;220709;SAN MARTIN;PICOTA;TINGO DE PONASA;596;585;1189;116300
1464;220710;SAN MARTIN;PICOTA;TRES UNIDOS;528;502;1033;99700
1465;220802;SAN MARTIN;RIOJA;AWAJUN;644;617;1408;122900
1466;220803;SAN MARTIN;RIOJA;ELIAS SOPLIN VARGAS;758;732;1890;147200
1467;220804;SAN MARTIN;RIOJA;NUEVA CAJAMARCA;1194;1158;2298;231500
1468;220805;SAN MARTIN;RIOJA;PARDO MIGUEL;752;737;1569;148100
1469;220806;SAN MARTIN;RIOJA;POSIC;81;81;191;16100
1470;220801;SAN MARTIN;RIOJA;RIOJA;16;9;35;3500
1471;220807;SAN MARTIN;RIOJA;SAN FERNANDO;2;1;6;200
1472;220809;SAN MARTIN;RIOJA;YURACYACU;199;197;364;39500
1473;220902;SAN MARTIN;SAN MARTIN;ALBERTO LEVEAU;39;37;62;7400
1474;220904;SAN MARTIN;SAN MARTIN;CHAZUTA;1021;1016;2557;203000
1475;220905;SAN MARTIN;SAN MARTIN;CHIPURANA;312;311;774;61900
1476;220906;SAN MARTIN;SAN MARTIN;EL PORVENIR;268;267;596;53300
1477;220907;SAN MARTIN;SAN MARTIN;HUIMBAYOC;602;598;1566;118800
1478;220908;SAN MARTIN;SAN MARTIN;JUAN GUERRA;246;245;430;48900
1479;220909;SAN MARTIN;SAN MARTIN;LA BANDA DE SHILCAYO;20;15;41;5800
1480;220910;SAN MARTIN;SAN MARTIN;MORALES;17;10;39;4300
1481;220911;SAN MARTIN;SAN MARTIN;PAPAPLAYA;298;297;760;59600
1482;220912;SAN MARTIN;SAN MARTIN;SAN ANTONIO;164;162;276;32300
1483;220913;SAN MARTIN;SAN MARTIN;SAUCE;729;718;1458;143200
1484;220914;SAN MARTIN;SAN MARTIN;SHAPAJA;118;114;231;22900
1485;220901;SAN MARTIN;SAN MARTIN;TARAPOTO;25;16;61;5800
1486;221002;SAN MARTIN;TOCACHE;NUEVO PROGRESO;9;4;30;1800
1487;221003;SAN MARTIN;TOCACHE;POLVORA;1037;1025;2070;204100
1488;221004;SAN MARTIN;TOCACHE;SHUNTE;247;242;530;48800
1489;221001;SAN MARTIN;TOCACHE;TOCACHE;35;23;94;9200
1490;221005;SAN MARTIN;TOCACHE;UCHIZA;130;127;257;26100
1491;230201;TACNA;CANDARAVE;CANDARAVE;221;219;383;43800
1492;230205;TACNA;CANDARAVE;HUANUARA;33;32;51;6400
1493;230206;TACNA;CANDARAVE;QUILAHUANI;77;74;136;14800
1494;230102;TACNA;TACNA;ALTO DE LA ALIANZA;17;0;36;0
1495;230107;TACNA;TACNA;PALCA;104;100;195;19900
1496;230402;TACNA;TARATA;CHUCATAMANI;14;14;24;2800
1497;230403;TACNA;TARATA;ESTIQUE;13;13;19;2600
1498;230405;TACNA;TARATA;SITAJARA;13;13;20;2600
1499;230406;TACNA;TARATA;SUSAPAYA;35;33;52;6600
1500;230401;TACNA;TARATA;TARATA;287;284;489;56600
1501;230408;TACNA;TARATA;TICACO;68;68;129;13400
1502;240203;TUMBES;CONTRALMIRANTE VILLAR;CANOAS DE PUNTA SAL;3;3;8;1200
1503;240201;TUMBES;CONTRALMIRANTE VILLAR;ZORRITOS;3;1;7;400
1504;240102;TUMBES;TUMBES;CORRALES;12;3;33;1200
1505;240104;TUMBES;TUMBES;PAMPAS DE HOSPITAL;8;3;17;1200
1506;240105;TUMBES;TUMBES;SAN JACINTO;12;9;26;3800
1507;240106;TUMBES;TUMBES;SAN JUAN DE LA VIRGEN;4;3;11;1400
1508;240101;TUMBES;TUMBES;TUMBES;41;11;89;4200
1509;240302;TUMBES;ZARUMILLA;AGUAS VERDES;30;21;74;8300
1510;240303;TUMBES;ZARUMILLA;MATAPALO;10;8;24;3100
1511;240304;TUMBES;ZARUMILLA;PAPAYAL;12;10;36;4000
1512;240301;TUMBES;ZARUMILLA;ZARUMILLA;22;9;63;5200
1513;250201;UCAYALI;ATALAYA;RAYMONDI;1071;1047;3302;207200
1514;250202;UCAYALI;ATALAYA;SEPAHUA;609;579;1592;113000
1515;250203;UCAYALI;ATALAYA;TAHUANIA;999;979;2956;192100
1516;250204;UCAYALI;ATALAYA;YURUA;115;107;355;20800
1517;250101;UCAYALI;CORONEL PORTILLO;CALLARIA;166;132;524;26200
1518;250102;UCAYALI;CORONEL PORTILLO;CAMPO VERDE;15;9;36;1700
1519;250103;UCAYALI;CORONEL PORTILLO;IPARIA;761;719;2298;140000
1520;250107;UCAYALI;CORONEL PORTILLO;MANANTAY;44;35;125;6800
1521;250104;UCAYALI;CORONEL PORTILLO;MASISEA;470;438;1462;86300
1522;250106;UCAYALI;CORONEL PORTILLO;NUEVA REQUENA;70;70;209;14000
1523;250105;UCAYALI;CORONEL PORTILLO;YARINACOCHA;340;295;896;57900
1524;250302;UCAYALI;PADRE ABAD;IRAZOLA;71;69;208;13800
1525;250301;UCAYALI;PADRE ABAD;PADRE ABAD;297;287;828;57400
1526;250401;UCAYALI;PURUS;PURUS;339;302;900;59400
FUENTE: UPP-JUNTOS;;;;;;;;